Company,Product,TypeName,Inches,ScreenResolution,CPU_Company,CPU_Type,CPU_Frequency (GHz),RAM (GB),Memory,GPU_Company,GPU_Type,OpSys,Weight (kg),Price (Euro)
Apple,MacBook Pro,Ultrabook,13.3,IPS Panel Retina Display 2560x1600,Intel,Core i5,2.3,8,128GB SSD,Intel,Iris Plus Graphics 640,macOS,1.37,1339.69
Apple,Macbook Air,Ultrabook,13.3,1440x900,Intel,Core i5,1.8,8,128GB Flash Storage,Intel,HD Graphics 6000,macOS,1.34,898.94
HP,250 G6,Notebook,15.6,Full HD 1920x1080,Intel,Core i5 7200U,2.5,8,256GB SSD,Intel,HD Graphics 620,No OS,1.86,575
Apple,MacBook Pro,Ultrabook,15.4,IPS Panel Retina Display 2880x1800,Intel,Core i7,2.7,16,512GB SSD,AMD,Radeon Pro 455,macOS,1.83,2537.45
Apple,MacBook Pro,Ultrabook,13.3,IPS Panel Retina Display 2560x1600,Intel,Core i5,3.1,8,256GB SSD,Intel,Iris Plus Graphics 650,macOS,1.37,1803.6
Acer,Aspire 3,Notebook,15.6,1366x768,AMD,A9-Series 9420,3,4,500GB HDD,AMD,Radeon R5,Windows 10,2.1,400
Apple,MacBook Pro,Ultrabook,15.4,IPS Panel Retina Display 2880x1800,Intel,Core i7,2.2,16,256GB Flash Storage,Intel,Iris Pro Graphics,Mac OS X,2.04,2139.97
Apple,Macbook Air,Ultrabook,13.3,1440x900,Intel,Core i5,1.8,8,256GB Flash Storage,Intel,HD Graphics 6000,macOS,1.34,1158.7
Asus,ZenBook UX430UN,Ultrabook,14,Full HD 1920x1080,Intel,Core i7 8550U,1.8,16,512GB SSD,Nvidia,GeForce MX150,Windows 10,1.3,1495
Acer,Swift 3,Ultrabook,14,IPS Panel Full HD 1920x1080,Intel,Core i5 8250U,1.6,8,256GB SSD,Intel,UHD Graphics 620,Windows 10,1.6,770
HP,250 G6,Notebook,15.6,1366x768,Intel,Core i5 7200U,2.5,4,500GB HDD,Intel,HD Graphics 620,No OS,1.86,393.9
HP,250 G6,Notebook,15.6,Full HD 1920x1080,Intel,Core i3 6006U,2,4,500GB HDD,Intel,HD Graphics 520,No OS,1.86,344.99
Apple,MacBook Pro,Ultrabook,15.4,IPS Panel Retina Display 2880x1800,Intel,Core i7,2.8,16,256GB SSD,AMD,Radeon Pro 555,macOS,1.83,2439.97
Dell,Inspiron 3567,Notebook,15.6,Full HD 1920x1080,Intel,Core i3 6006U,2,4,256GB SSD,AMD,Radeon R5 M430,Windows 10,2.2,498.9
Apple,"MacBook 12""",Ultrabook,12,IPS Panel Retina Display 2304x1440,Intel,Core M m3,1.2,8,256GB SSD,Intel,HD Graphics 615,macOS,0.92,1262.4
Apple,MacBook Pro,Ultrabook,13.3,IPS Panel Retina Display 2560x1600,Intel,Core i5,2.3,8,256GB SSD,Intel,Iris Plus Graphics 640,macOS,1.37,1518.55
Dell,Inspiron 3567,Notebook,15.6,Full HD 1920x1080,Intel,Core i7 7500U,2.7,8,256GB SSD,AMD,Radeon R5 M430,Windows 10,2.2,745
Apple,MacBook Pro,Ultrabook,15.4,IPS Panel Retina Display 2880x1800,Intel,Core i7,2.9,16,512GB SSD,AMD,Radeon Pro 560,macOS,1.83,2858
Lenovo,IdeaPad 320-15IKB,Notebook,15.6,Full HD 1920x1080,Intel,Core i3 7100U,2.4,8,1TB HDD,Nvidia,GeForce 940MX,No OS,2.2,499
Dell,XPS 13,Ultrabook,13.3,IPS Panel Full HD / Touchscreen 1920x1080,Intel,Core i5 8250U,1.6,8,128GB SSD,Intel,UHD Graphics 620,Windows 10,1.22,979
Asus,Vivobook E200HA,Netbook,11.6,1366x768,Intel,Atom x5-Z8350,1.44,2,32GB Flash Storage,Intel,HD Graphics 400,Windows 10,0.98,191.9
Lenovo,Legion Y520-15IKBN,Gaming,15.6,IPS Panel Full HD 1920x1080,Intel,Core i5 7300HQ,2.5,8,128GB SSD +  1TB HDD,Nvidia,GeForce GTX 1050,Windows 10,2.5,999
HP,255 G6,Notebook,15.6,1366x768,AMD,E-Series E2-9000e,1.5,4,500GB HDD,AMD,Radeon R2,No OS,1.86,258
Dell,Inspiron 5379,2 in 1 Convertible,13.3,Full HD / Touchscreen 1920x1080,Intel,Core i5 8250U,1.6,8,256GB SSD,Intel,UHD Graphics 620,Windows 10,1.62,819
HP,15-BS101nv (i7-8550U/8GB/256GB/FHD/W10),Ultrabook,15.6,Full HD 1920x1080,Intel,Core i7 8550U,1.8,8,256GB SSD,Intel,HD Graphics 620,Windows 10,1.91,659
Dell,Inspiron 3567,Notebook,15.6,1366x768,Intel,Core i3 6006U,2,4,1TB HDD,Intel,HD Graphics 520,Windows 10,2.3,418.64
Apple,MacBook Air,Ultrabook,13.3,1440x900,Intel,Core i5,1.6,8,128GB Flash Storage,Intel,HD Graphics 6000,Mac OS X,1.35,1099
Dell,Inspiron 5570,Notebook,15.6,Full HD 1920x1080,Intel,Core i5 8250U,1.6,8,256GB SSD,AMD,Radeon 530,Windows 10,2.2,800
Dell,Latitude 5590,Ultrabook,15.6,Full HD 1920x1080,Intel,Core i7 8650U,1.9,8,256GB SSD +  256GB SSD,Intel,UHD Graphics 620,Windows 10,1.88,1298
HP,ProBook 470,Notebook,17.3,Full HD 1920x1080,Intel,Core i5 8250U,1.6,8,1TB HDD,Nvidia,GeForce 930MX,Windows 10,2.5,896
Chuwi,"LapBook 15.6""",Notebook,15.6,Full HD 1920x1080,Intel,Atom x5-Z8300,1.44,4,64GB Flash Storage,Intel,HD Graphics,Windows 10,1.89,244.99
Asus,E402WA-GA010T (E2-6110/2GB/32GB/W10),Notebook,14,1366x768,AMD,E-Series E2-6110,1.5,2,32GB Flash Storage,AMD,Radeon R2,Windows 10,1.65,199
HP,17-ak001nv (A6-9220/4GB/500GB/Radeon,Notebook,17.3,Full HD 1920x1080,AMD,A6-Series 9220,2.5,4,500GB HDD,AMD,Radeon 530,Windows 10,2.71,439
Dell,XPS 13,Ultrabook,13.3,Touchscreen / Quad HD+ 3200x1800,Intel,Core i7 8550U,1.8,16,512GB SSD,Intel,UHD Graphics 620,Windows 10,1.2,1869
Apple,MacBook Air,Ultrabook,13.3,1440x900,Intel,Core i5,1.6,8,256GB Flash Storage,Intel,HD Graphics 6000,Mac OS X,1.35,998
Lenovo,IdeaPad 120S-14IAP,Notebook,14,1366x768,Intel,Celeron Dual Core N3350,1.1,4,64GB Flash Storage,Intel,HD Graphics 500,Windows 10,1.44,249
Acer,Aspire 3,Notebook,15.6,1366x768,Intel,Core i3 7130U,2.7,4,1TB HDD,Intel,HD Graphics 620,Linux,2.1,367
Dell,Inspiron 5770,Notebook,17.3,IPS Panel Full HD 1920x1080,Intel,Core i5 8250U,1.6,8,128GB SSD +  1TB HDD,AMD,Radeon 530,Windows 10,2.8,979
HP,250 G6,Notebook,15.6,1366x768,Intel,Core i5 7200U,2.5,4,1TB HDD,Intel,HD Graphics 620,Windows 10,1.86,488.69
HP,ProBook 450,Notebook,15.6,Full HD 1920x1080,Intel,Core i5 8250U,1.6,8,256GB SSD,Nvidia,GeForce 930MX,Windows 10,2.1,879
Asus,X540UA-DM186 (i3-6006U/4GB/1TB/FHD/Linux),Notebook,15.6,Full HD 1920x1080,Intel,Core i3 6006U,2,4,1TB HDD,Intel,HD Graphics 620,Linux,2,389
Dell,Inspiron 7577,Gaming,15.6,IPS Panel Full HD 1920x1080,Intel,Core i7 7700HQ,2.8,16,256GB SSD +  1TB HDD,Nvidia,GeForce GTX 1060,Windows 10,2.65,1499
Asus,X542UQ-GO005 (i5-7200U/8GB/1TB/GeForce,Notebook,15.6,1366x768,Intel,Core i5 7200U,2.5,8,1TB HDD,Nvidia,GeForce 940MX,Linux,2.3,522.99
Acer,Aspire A515-51G,Notebook,15.6,IPS Panel Full HD 1920x1080,Intel,Core i5 8250U,1.6,4,256GB SSD,Intel,UHD Graphics 620,Windows 10,2.2,682
Dell,Inspiron 7773,2 in 1 Convertible,17.3,Full HD / Touchscreen 1920x1080,Intel,Core i5 8250U,1.6,12,1TB HDD,Nvidia,GeForce 150MX,Windows 10,2.77,999
Apple,MacBook Pro,Ultrabook,13.3,IPS Panel Retina Display 2560x1600,Intel,Core i5,2,8,256GB SSD,Intel,Iris Graphics 540,macOS,1.37,1419
Lenovo,IdeaPad 320-15ISK,Notebook,15.6,1366x768,Intel,Core i3 6006U,2,4,128GB SSD,Intel,HD Graphics 520,No OS,2.2,369
Asus,Rog Strix,Gaming,17.3,Full HD 1920x1080,AMD,Ryzen 1700,3,8,256GB SSD +  1TB HDD,AMD,Radeon RX 580,Windows 10,3.2,1299
Dell,Inspiron 3567,Notebook,15.6,Full HD 1920x1080,Intel,Core i5 7200U,2.5,4,256GB SSD,AMD,Radeon R5 M430,Windows 10,2.3,639
Asus,X751NV-TY001T (N4200/4GB/1TB/GeForce,Notebook,17.3,1366x768,Intel,Pentium Quad Core N4200,1.1,4,1TB HDD,Nvidia,GeForce 920MX,Windows 10,2.8,466
Lenovo,Yoga Book,2 in 1 Convertible,10.1,IPS Panel Touchscreen 1920x1200,Intel,Atom x5-Z8550,1.44,4,64GB Flash Storage,Intel,HD Graphics 400,Android,0.69,319
Acer,Aspire A515-51G,Notebook,15.6,IPS Panel Full HD 1920x1080,Intel,Core i7 8550U,1.8,8,256GB SSD,Nvidia,GeForce MX150,Windows 10,2.2,841
HP,255 G6,Notebook,15.6,Full HD 1920x1080,AMD,A6-Series 9220,2.5,4,256GB SSD,AMD,Radeon R4 Graphics,Windows 10,1.86,398.49
HP,ProBook 430,Notebook,13.3,Full HD 1920x1080,Intel,Core i7 8550U,1.8,8,512GB SSD,Intel,UHD Graphics 620,Windows 10,1.49,1103
Acer,Aspire 3,Notebook,15.6,1366x768,Intel,Core i3 7100U,2.4,4,1TB HDD,Intel,HD Graphics 620,Windows 10,2.4,384
Dell,Inspiron 3576,Notebook,15.6,Full HD 1920x1080,Intel,Core i7 8550U,1.8,8,256GB SSD,AMD,Radeon 520,Windows 10,2.13,767.8
HP,15-bs002nv (i3-6006U/4GB/128GB/FHD/W10),Notebook,15.6,Full HD 1920x1080,Intel,Core i3 6006U,2,4,128GB SSD,Intel,HD Graphics 520,Windows 10,1.91,439
Asus,VivoBook Max,Notebook,15.6,1366x768,Intel,Core i5 7200U,2.5,4,256GB SSD,Intel,HD Graphics 620,Windows 10,2,586.19
MSI,GS73VR 7RG,Gaming,17.3,Full HD 1920x1080,Intel,Core i7 7700HQ,2.8,16,256GB SSD +  2TB HDD,Nvidia,GeForce GTX 1070,Windows 10,2.43,2449
Asus,X541UA-DM1897 (i3-6006U/4GB/256GB/FHD/Linux),Notebook,15.6,Full HD 1920x1080,Intel,Core i3 6006U,2,4,256GB SSD,Intel,HD Graphics 520,Linux,2,415
Dell,Inspiron 5770,Notebook,17.3,Full HD 1920x1080,Intel,Core i7 8550U,1.8,16,256GB SSD +  2TB HDD,AMD,Radeon 530,Windows 10,2.8,1299
Dell,Vostro 5471,Ultrabook,14,Full HD 1920x1080,Intel,Core i5 8250U,1.6,8,256GB SSD,Intel,UHD Graphics 620,Windows 10,1.7,879
Lenovo,IdeaPad 520S-14IKB,Notebook,14,IPS Panel Full HD 1920x1080,Intel,Core i3 7130U,2.7,8,256GB SSD,Intel,HD Graphics 620,No OS,1.7,599
Asus,UX410UA-GV350T (i5-8250U/8GB/256GB/FHD/W10),Notebook,14,Full HD 1920x1080,Intel,Core i5 8250U,1.6,8,256GB SSD,Intel,UHD Graphics 620,Windows 10,1.4,941
HP,250 G6,Notebook,15.6,Full HD 1920x1080,Intel,Core i5 7200U,2.5,8,256GB SSD,Intel,HD Graphics 620,Windows 10,1.86,690
Asus,ZenBook Pro,Ultrabook,15.6,Full HD 1920x1080,Intel,Core i7 7700HQ,2.8,16,512GB SSD,Nvidia,GeForce GTX 1050 Ti,Windows 10,1.8,1983
HP,250 G6,Notebook,15.6,1366x768,Intel,Core i3 6006U,2,4,500GB HDD,AMD,Radeon 520,Windows 10,1.86,438.69
HP,Stream 14-AX040wm,Notebook,14,1366x768,Intel,Celeron Dual Core N3060,1.6,4,32GB SSD,Intel,HD Graphics 400,Windows 10,1.44,229
Lenovo,V310-15ISK (i5-7200U/4GB/1TB/FHD/W10),Notebook,15.6,Full HD 1920x1080,Intel,Core i5 7200U,2.5,4,1TB HDD,Intel,HD Graphics 620,Windows 10,1.9,549
Asus,FX753VE-GC093 (i7-7700HQ/12GB/1TB/GeForce,Gaming,17.3,Full HD 1920x1080,Intel,Core i7 7700HQ,2.8,12,1TB HDD,Nvidia,GeForce GTX 1050 Ti,Linux,3,949
Microsoft,Surface Laptop,Ultrabook,13.5,Touchscreen 2256x1504,Intel,Core i5 7200U,2.5,4,128GB SSD,Intel,HD Graphics 620,Windows 10 S,1.252,1089
Dell,Inspiron 5370,Ultrabook,13.3,IPS Panel Full HD 1920x1080,Intel,Core i7 8550U,1.8,8,256GB SSD,AMD,Radeon 530,Windows 10,1.4,955
Dell,Inspiron 5570,Notebook,15.6,Full HD 1920x1080,Intel,Core i7 8550U,1.8,8,256GB SSD,AMD,Radeon 530,Windows 10,2.2,870
MSI,GL72M 7RDX,Gaming,17.3,Full HD 1920x1080,Intel,Core i5 7300HQ,2.5,8,128GB SSD +  1TB HDD,Nvidia,GeForce GTX 1050,Windows 10,2.7,1095
Acer,Aspire E5-475,Notebook,14,1366x768,Intel,Core i3 6006U,2,8,1TB HDD,Intel,HD Graphics 520,Windows 10,2.1,389
Asus,FX503VD-E4022T (i7-7700HQ/8GB/1TB/GeForce,Gaming,15.6,Full HD 1920x1080,Intel,Core i7 7700HQ,2.8,8,1TB HDD,Nvidia,GeForce GTX 1050,Windows 10,2.2,949
Lenovo,IdeaPad 320-15IKBN,Notebook,15.6,Full HD 1920x1080,Intel,Core i5 7200U,2.5,8,2TB HDD,Intel,HD Graphics 620,No OS,2.2,519
Dell,Inspiron 5570,Notebook,15.6,Full HD 1920x1080,Intel,Core i7 8550U,1.8,8,128GB SSD +  1TB HDD,Intel,UHD Graphics 620,Windows 10,2.02,855
Acer,Aspire A515-51G-32MX,Notebook,15.6,Full HD 1920x1080,Intel,Core i3 7130U,2.7,4,1TB HDD,Nvidia,GeForce MX130,Windows 10,2.2,530
HP,ProBook 470,Notebook,17.3,Full HD 1920x1080,Intel,Core i5 8250U,1.6,8,128GB SSD +  1TB HDD,Nvidia,GeForce 930MX,Windows 10,2.5,977
Dell,Latitude 5590,Ultrabook,15.6,IPS Panel Full HD 1920x1080,Intel,Core i5 8250U,1.6,8,256GB SSD,Intel,UHD Graphics 620,Windows 10,1.88,1096.16
Apple,"MacBook 12""",Ultrabook,12,IPS Panel Retina Display 2304x1440,Intel,Core i5,1.3,8,512GB SSD,Intel,HD Graphics 615,macOS,0.92,1510
HP,ProBook 440,Notebook,14,Full HD 1920x1080,Intel,Core i5 8250U,1.6,8,256GB SSD,Intel,HD Graphics 620,Windows 10,1.63,860
Lenovo,IdeaPad 320-15AST,Notebook,15.6,Full HD 1920x1080,AMD,A6-Series 9220,2.5,4,128GB SSD,AMD,R4 Graphics,Windows 10,2.2,399
Acer,Aspire 3,Notebook,15.6,1366x768,AMD,A9-Series 9420,3,4,1TB HDD,AMD,Radeon R5,Windows 10,2.1,395
Dell,Inspiron 7577,Gaming,15.6,IPS Panel Full HD 1920x1080,Intel,Core i7 7700HQ,2.8,16,128GB SSD +  1TB HDD,Nvidia,GeForce GTX 1050 Ti,Windows 10,2.65,1349
HP,Pavilion 15-CK000nv,Ultrabook,15.6,IPS Panel Full HD 1920x1080,Intel,Core i7 8550U,1.8,8,256GB SSD,Nvidia,GeForce GTX 940MX,Windows 10,1.83,699
HP,250 G6,Notebook,15.6,Full HD 1920x1080,Intel,Core i5 7200U,2.5,8,256GB SSD,Intel,HD Graphics 620,Windows 10,1.96,598.99
Asus,FX503VM-E4007T (i7-7700HQ/16GB/1TB,Gaming,15.6,IPS Panel Full HD 1920x1080,Intel,Core i7 7700HQ,2.8,16,128GB SSD +  1TB HDD,Nvidia,GeForce GTX 1060,Windows 10,2.2,1449
Dell,XPS 13,Ultrabook,13.3,IPS Panel Full HD 1920x1080,Intel,Core i7 8550U,1.8,8,256GB SSD,Intel,UHD Graphics 620,Windows 10,1.21,1649
Asus,FX550IK-DM018T (FX-9830P/8GB/1TB/Radeon,Gaming,15.6,Full HD 1920x1080,AMD,FX 9830P,3,8,1TB HDD,AMD,Radeon RX 560,Windows 10,2.45,699
Acer,Aspire 5,Notebook,15.6,Full HD 1920x1080,Intel,Core i7 8550U,1.8,8,1TB HDD,Nvidia,GeForce MX150,Windows 10,2.2,689
HP,Probook 430,Notebook,13.3,Full HD 1920x1080,Intel,Core i7 8550U,1.8,16,512GB SSD,Intel,UHD Graphics 620,Windows 10,1.49,1197
Dell,Inspiron 7577,Gaming,15.6,Full HD 1920x1080,Intel,Core i5 7300HQ,2.5,8,256GB SSD,Nvidia,GeForce GTX 1060,Windows 10,2.65,1195
Asus,Zenbook UX430UA,Ultrabook,14,Full HD 1920x1080,Intel,Core i7 7500U,2.7,8,256GB SSD,Intel,HD Graphics 620,Windows 10,1.25,1049
Acer,Spin 5,2 in 1 Convertible,13.3,IPS Panel Full HD / Touchscreen 1920x1080,Intel,Core i5 8250U,1.6,8,256GB SSD,Intel,UHD Graphics 620,Windows 10,1.5,847
Dell,Inspiron 3567,Notebook,15.6,Full HD 1920x1080,Intel,Core i7 7500U,2.7,8,1TB HDD,AMD,Radeon R5 M430,Linux,2.2,599.9
Dell,Inspiron 3567,Notebook,15.6,Full HD 1920x1080,Intel,Core i3 6006U,2,4,256GB SSD,AMD,Radeon R5 M430,Linux,2.2,485
Asus,X541UV-DM1439T (i3-7100U/6GB/256GB/GeForce,Notebook,15.6,Full HD 1920x1080,Intel,Core i3 7100U,2.4,6,256GB SSD,Nvidia,GeForce 920M,Windows 10,2,577
HP,Omen 15-ce007nv,Gaming,15.6,IPS Panel Full HD 1920x1080,Intel,Core i7 7700HQ,2.8,12,128GB SSD +  1TB HDD,Nvidia,GeForce GTX 1050,Windows 10,2.62,1249
HP,15-bs017nv (i7-7500U/8GB/256GB/Radeon,Notebook,15.6,Full HD 1920x1080,Intel,Core i7 7500U,2.7,8,256GB SSD,AMD,Radeon 530,Windows 10,1.91,719
HP,15-bw000nv (E2-9000e/4GB/500GB/Radeon,Notebook,15.6,Full HD 1920x1080,AMD,E-Series E2-9000e,1.5,4,500GB HDD,AMD,Radeon R2,Windows 10,2.1,349
Dell,Inspiron 3576,Notebook,15.6,Full HD 1920x1080,Intel,Core i5 8250U,1.6,8,1TB HDD,AMD,Radeon 520,Linux,2.2,647
HP,Envy 13-ad009n,Ultrabook,13.3,IPS Panel Full HD 1920x1080,Intel,Core i7 7500U,2.7,8,256GB SSD,Nvidia,GeForce MX150,Windows 10,1.38,1119
Microsoft,Surface Laptop,Ultrabook,13.5,Touchscreen 2256x1504,Intel,Core i5 7200U,2.5,8,256GB SSD,Intel,HD Graphics 620,Windows 10 S,1.252,1340
HP,Pavilion 14-BK001nv,Notebook,14,IPS Panel Full HD 1920x1080,Intel,Core i5 7200U,2.5,6,256GB SSD,Nvidia,GeForce 940MX,Windows 10,1.58,659
Lenovo,Ideapad 310-15ISK,Notebook,15.6,Full HD 1920x1080,Intel,Core i3 6006U,2,4,1TB HDD,Intel,HD Graphics 520,Windows 10,1.85,414.9
Asus,UX430UQ-GV209R (i7-7500U/8GB/256GB/GeForce,Ultrabook,14,IPS Panel Full HD 1920x1080,Intel,Core i7 7500U,2.7,8,256GB SSD,Nvidia,GeForce 940MX,Windows 10,1.3,1193
MSI,GP62M 7REX,Gaming,15.6,Full HD 1920x1080,Intel,Core i7 7700HQ,2.8,16,256GB SSD +  1TB HDD,Nvidia,GeForce GTX 1050 Ti,Windows 10,2.2,1299
Lenovo,Thinkpad T470,Notebook,14,IPS Panel Full HD 1920x1080,Intel,Core i7 7500U,2.7,8,256GB SSD,Intel,HD Graphics 620,Windows 10,1.58,1480
Asus,VivoBook S15,Ultrabook,15.6,Full HD 1920x1080,Intel,Core i7 8550U,1.8,16,256GB SSD +  1TB HDD,Nvidia,GeForce MX150,Windows 10,1.5,1262
Dell,XPS 13,Ultrabook,13.3,Quad HD+ / Touchscreen 3200x1800,Intel,Core i7 7560U,2.4,8,256GB SSD,Intel,Iris Plus Graphics 640,Windows 10,1.23,1379
Lenovo,ThinkPad Yoga,2 in 1 Convertible,13.3,IPS Panel Full HD / Touchscreen 1920x1080,Intel,Core i5 7200U,2.5,8,256GB SSD,Intel,HD Graphics 620,Windows 10,1.37,1399
HP,Probook 440,Notebook,14,IPS Panel 1366x768,Intel,Core i5 8250U,1.6,4,500GB HDD,Intel,UHD Graphics 620,Windows 10,1.63,722
Dell,XPS 13,Ultrabook,13.3,IPS Panel Full HD 1920x1080,Intel,Core i5 8250U,1.6,8,256GB SSD,Intel,UHD Graphics 620,Windows 10,1.21,1629
HP,Spectre x360,2 in 1 Convertible,13.3,IPS Panel Full HD / Touchscreen 1920x1080,Intel,Core i5 8250U,1.6,8,256GB SSD,Intel,UHD Graphics 620,Windows 10,1.26,1398.99
HP,Probook 440,Notebook,14,Full HD 1920x1080,Intel,Core i7 8550U,1.8,8,512GB SSD,Intel,UHD Graphics 620,Windows 10,1.63,1084
Dell,Inspiron 7570,Notebook,15.6,IPS Panel Full HD 1920x1080,Intel,Core i7 8550U,1.8,8,256GB SSD +  1TB HDD,Nvidia,GeForce 940MX,Windows 10,2.16,1130.33
Asus,X705UV-BX074T (i3-6006U/4GB/1TB/GeForce,Notebook,17.3,Full HD 1920x1080,Intel,Core i3 6006U,2,4,1TB HDD,Nvidia,GeForce 920MX,Windows 10,2,564
Asus,VivoBook S15,Notebook,15.6,Full HD 1920x1080,Intel,Core i7 8550U,1.8,8,256GB SSD,Nvidia,GeForce 940MX,Windows 10,1.7,1118
Acer,Spin 3,Notebook,15.6,IPS Panel Full HD / Touchscreen 1920x1080,Intel,Core i3 7100U,2.4,6,1TB HDD,Intel,HD Graphics 620,Windows 10,2.1,479
MSI,GS63VR 7RG,Gaming,15.6,Full HD 1920x1080,Intel,Core i7 7700HQ,2.8,16,256GB SSD +  2TB HDD,Nvidia,GeForce GTX 1070,Windows 10,1.8,2241.5
Lenovo,IdeaPad 320-15IKBN,Notebook,15.6,Full HD 1920x1080,Intel,Core i5 7200U,2.5,8,256GB SSD,Nvidia,GeForce 940MX,No OS,2.2,629
HP,Probook 470,Notebook,17.3,Full HD 1920x1080,Intel,Core i7 8550U,1.8,16,512GB SSD,Nvidia,GeForce 930MX,Windows 10,2.5,1271
Acer,Aspire 3,Notebook,15.6,1366x768,AMD,A9-Series 9420,3,4,256GB SSD,AMD,Radeon R5,Windows 10,2.1,451
HP,250 G6,Notebook,15.6,1366x768,Intel,Celeron Dual Core N3060,1.6,4,500GB HDD,Intel,HD Graphics 400,No OS,1.86,259
HP,Probook 440,Notebook,14,Full HD 1920x1080,Intel,Core i5 8250U,1.6,8,1TB HDD,Intel,UHD Graphics 620,Windows 10,1.63,812
Asus,E402WA-GA007T (E2-6110/4GB/64GB/W10,Notebook,14,1366x768,AMD,E-Series 6110,1.5,4,64GB SSD,AMD,Radeon R2,Windows 10 S,1.65,277.99
Dell,Inspiron 5770,Notebook,17.3,Full HD 1920x1080,Intel,Core i7 8550U,1.8,16,256GB SSD +  2TB HDD,AMD,Radeon 530,Windows 10,2.8,1396
HP,ProBook 470,Notebook,17.3,Full HD 1920x1080,Intel,Core i5 8250U,1.6,8,256GB SSD,Intel,UHD Graphics 620,Windows 10,2.5,928
Dell,Inspiron 5567,Notebook,15.6,1366x768,Intel,Core i5 7200U,2.5,8,1TB HDD,AMD,Radeon R7 M445,Windows 10,2.36,638.99
Dell,Inspiron 3567,Notebook,15.6,Full HD 1920x1080,Intel,Core i3 6006U,2,4,1TB HDD,AMD,Radeon R5 M430,Windows 10,2.2,449
Acer,Swift 3,Ultrabook,14,IPS Panel Full HD 1920x1080,Intel,Core i7 8550U,1.8,8,256GB SSD,Intel,UHD Graphics 620,Windows 10,1.6,884
Acer,Aspire A515-51G-37JS,Notebook,15.6,Full HD 1920x1080,Intel,Core i3 7130U,2.7,4,256GB SSD,Nvidia,GeForce MX130,Windows 10,2.2,572
HP,15-BS078nr (i7-7500U/8GB/1TB/W10),Notebook,15.6,1366x768,Intel,Core i7 7500U,2.7,8,1TB HDD,Intel,HD Graphics 620,Windows 10,2.05,598
HP,Probook 440,Notebook,14,Full HD 1920x1080,Intel,Core i7 8550U,1.8,8,256GB SSD,Intel,UHD Graphics 620,Windows 10,1.63,988
Lenovo,V110-15IAP (N3350/4GB/1TB/No,Notebook,15.6,1366x768,Intel,Celeron Dual Core N3350,1.1,4,1TB HDD,Intel,HD Graphics 500,No OS,1.9,252.36
Asus,FX753VD-GC086T (i5-7300HQ/8GB/1TB,Gaming,17.3,Full HD 1920x1080,Intel,Core i5 7300HQ,2.5,8,128GB SSD +  1TB HDD,Nvidia,GeForce GTX 1050,Windows 10,3,938
Lenovo,IdeaPad 320-15IKBN,Notebook,15.6,Full HD 1920x1080,Intel,Core i5 7200U,2.5,4,1TB HDD,Nvidia,GeForce 920MX,No OS,2.2,499
HP,Envy 13-AD007nv,Notebook,13.3,IPS Panel Full HD 1920x1080,Intel,Core i5 7200U,2.5,4,256GB SSD,Intel,HD Graphics 620,Windows 10,1.32,699
Acer,Aspire 5,Notebook,17.3,IPS Panel Full HD 1920x1080,Intel,Core i3 7130U,2.7,4,1TB HDD,Nvidia,GeForce MX130,Windows 10,3,655
Lenovo,ThinkPad E480,Notebook,14,IPS Panel Full HD 1920x1080,Intel,Core i5 8250U,1.6,8,256GB SSD,AMD,Radeon RX 550,Windows 10,1.75,1116.02
Lenovo,Legion Y520-15IKBN,Gaming,15.6,IPS Panel Full HD 1920x1080,Intel,Core i7 7700HQ,2.8,8,256GB SSD,Nvidia,GeForce GTX 1050M,No OS,2.4,869
Toshiba,Satellite Pro,Notebook,15.6,1366x768,Intel,Core i5 6200U,2.3,4,500GB HDD,Intel,HD Graphics 520,Windows 10,2.1,602
HP,255 G6,Notebook,15.6,1366x768,AMD,A6-Series 9220,2.5,4,256GB SSD,AMD,Radeon R4 Graphics,Windows 10,1.86,369
Asus,ZenBook UX430UA,Ultrabook,14,Full HD 1920x1080,Intel,Core i7 8550U,1.8,8,256GB SSD,Intel,UHD Graphics 620,Windows 10,1.25,1099
HP,EliteBook Folio,Ultrabook,12.5,IPS Panel 4K Ultra HD / Touchscreen 3840x2160,Intel,Core M 6Y75,1.2,8,512GB SSD,Intel,HD Graphics 515,Windows 10,0.97,2014
Asus,X541NA (N3350/4GB/1TB/FHD/W10),Notebook,15.6,Full HD 1920x1080,Intel,Celeron Dual Core N3350,1.1,4,1TB HDD,Intel,HD Graphics 500,Windows 10,2,344
MSI,GE72MVR 7RG,Gaming,17.3,Full HD 1920x1080,Intel,Core i7 7700HQ,2.8,16,256GB SSD +  1TB HDD,Nvidia,GeForce GTX 1070,Windows 10,2.9,2029
Acer,Aspire A315-51,Notebook,15.6,1366x768,Intel,Core i3 6006U,2,4,1TB HDD,Intel,HD Graphics 520,Windows 10,2.1,447
Dell,Inspiron 5577,Gaming,15.6,Full HD 1920x1080,Intel,Core i7 7700HQ,2.8,16,512GB SSD,Nvidia,GeForce GTX 1050,Windows 10,2.56,1249.26
Dell,Inspiron 7567,Gaming,15.6,Full HD 1920x1080,Intel,Core i7 7700HQ,2.8,8,1.0TB Hybrid,Nvidia,GeForce GTX 1050,Windows 10,2.62,899
Lenovo,V110-15IKB (i5-7200U/4GB/128GB/W10),Notebook,15.6,1366x768,Intel,Core i5 7200U,2.5,4,128GB SSD,Intel,HD Graphics 620,Windows 10,1.9,498
MSI,GE73VR 7RE,Gaming,17.3,Full HD 1920x1080,Intel,Core i7 7700HQ,2.8,16,256GB SSD +  1TB HDD,Nvidia,GeForce GTX 1060,Windows 10,2.8,1890
HP,EliteBook 840,Ultrabook,14,Full HD 1920x1080,Intel,Core i5 7500U,2.7,4,256GB SSD,Intel,HD Graphics 620,Windows 10,1.48,1082
HP,15-BS103nv (i5-8250U/6GB/256GB/Radeon,Notebook,15.6,Full HD 1920x1080,Intel,Core i5 8250U,1.6,6,256GB SSD,AMD,Radeon 520,Windows 10,1.91,619
Lenovo,Yoga 520-14IKB,2 in 1 Convertible,14,IPS Panel Full HD / Touchscreen 1920x1080,Intel,Core i3 7100U,2.4,4,256GB SSD,Intel,HD Graphics 620,Windows 10,1.74,629
Asus,ZenBook Flip,2 in 1 Convertible,13.3,Full HD / Touchscreen 1920x1080,Intel,Core i5 8250U,1.6,8,256GB SSD,Intel,HD Graphics 620,Windows 10,1.1,1315
Dell,Inspiron 5579,2 in 1 Convertible,15.6,Full HD / Touchscreen 1920x1080,Intel,Core i7 8550U,1.8,8,256GB SSD,Intel,UHD Graphics 620,Windows 10,1.56,1049
Toshiba,Satellite Pro,Notebook,15.6,1366x768,Intel,Core i3 6006U,2.2,4,500GB HDD,Intel,HD Graphics 520,Windows 10,2.1,447
Asus,X555BP-XX180T (A9-9420/4GB/1TB/Radeon,Notebook,15.6,1366x768,AMD,A9-Series 9420,3,4,1TB HDD,AMD,Radeon R5 M420,Windows 10,2.03,403
Acer,Aspire A517-51G,Notebook,17.3,IPS Panel Full HD 1920x1080,Intel,Core i5 8250U,1.6,4,256GB SSD,Nvidia,GeForce MX150,Windows 10,3,805
Dell,Inspiron 3576,Notebook,15.6,Full HD 1920x1080,Intel,Core i5 8250U,1.6,8,256GB SSD,AMD,Radeon 520,Windows 10,2.13,728
Lenovo,Legion Y520-15IKBN,Gaming,15.6,IPS Panel Full HD 1920x1080,Intel,Core i7 7700HQ,2.8,16,256GB SSD,Nvidia,GeForce GTX 1050 Ti,Windows 10,2.5,1079
Acer,Aspire A315-31,Notebook,15.6,1366x768,Intel,Celeron Dual Core N3350,1.1,4,1TB HDD,Intel,HD Graphics 500,Windows 10,2.1,348
MSI,GE63VR 7RE,Gaming,15.6,IPS Panel Full HD 1920x1080,Intel,Core i7 7700HQ,2.8,16,256GB SSD +  1TB HDD,Nvidia,GeForce GTX 1060,Windows 10,2.4,1799
Acer,Aspire 3,Notebook,15.6,1366x768,Intel,Pentium Quad Core N4200,1.1,4,1TB HDD,Intel,HD Graphics 505,Windows 10,2.1,363.51
Dell,Inspiron 5577,Gaming,15.6,Full HD 1920x1080,Intel,Core i7 7700HQ,2.8,8,128GB SSD +  1TB HDD,Nvidia,GeForce GTX 1050,Windows 10,2.56,1060.49
Acer,Aspire A517-51G,Notebook,17.3,IPS Panel Full HD 1920x1080,Intel,Core i5 8250U,1.6,8,256GB SSD,Nvidia,GeForce MX150,Windows 10,3,854
HP,ProBook 430,Notebook,13.3,IPS Panel Full HD 1920x1080,Intel,Core i5 8250U,1.6,4,500GB HDD,Intel,UHD Graphics 620,Windows 10,1.49,754
Huawei,MateBook X,Ultrabook,13,IPS Panel Full HD 2160x1440,Intel,Core i5 7200U,2.5,8,256GB SSD,Intel,HD Graphics 620,Windows 10,1.05,1349
HP,17-bs001nv (i5-7200U/6GB/2TB/Radeon,Notebook,17.3,IPS Panel Full HD 1920x1080,Intel,Core i5 7200U,2.5,6,2TB HDD,AMD,Radeon 520,Windows 10,2.71,699
Lenovo,IdeaPad 320-15AST,Notebook,15.6,1366x768,AMD,A6-Series 9220,2.9,4,500GB HDD,AMD,Radeon R4 Graphics,No OS,2.2,309
Toshiba,Satellite Pro,Notebook,15.6,1366x768,Intel,Core i3 7100U,2.4,4,500GB HDD,Intel,HD Graphics 620,Windows 10,2,489
HP,ProBook 470,Notebook,17.3,Full HD 1920x1080,Intel,Core i5 8250U,1.6,8,256GB SSD,Nvidia,GeForce 930MX,Windows 10,2.5,923
Dell,Inspiron 3567,Notebook,15.6,1366x768,Intel,Core i3 7100U,2.4,8,1TB HDD,Intel,HD Graphics 620,Windows 10,2.3,459
Acer,Aspire A315-51,Notebook,15.6,1366x768,Intel,Core i3 6006U,2,4,128GB SSD,Intel,HD Graphics 520,Windows 10,2.1,449
MSI,GT80S 6QF-074US,Gaming,18.4,Full HD 1920x1080,Intel,Core i7 6920HQ,2.9,32,512GB SSD +  1TB HDD,Nvidia,GTX 980 SLI,Windows 10,4.4,2799
Lenovo,V310-15IKB (i5-7200U/8GB/1TB,Notebook,15.6,Full HD 1920x1080,Intel,Core i5 7200U,2.5,8,128GB SSD +  1TB HDD,AMD,R17M-M1-70,Windows 10,1.9,813
HP,Spectre x360,2 in 1 Convertible,13.3,IPS Panel 4K Ultra HD / Touchscreen 3840x2160,Intel,Core i5 8250U,1.6,8,256GB SSD,Intel,UHD Graphics 620,Windows 10,1.29,1499
Dell,Inspiron 5570,Notebook,15.6,Full HD 1920x1080,Intel,Core i7 8550U,1.8,16,256GB SSD +  2TB HDD,AMD,Radeon 530,Linux,2.02,1049
Dell,XPS 13,Ultrabook,13.3,Full HD 1920x1080,Intel,Core i5 8250U,1.6,8,256GB SSD,Intel,UHD Graphics 620,Windows 10,1.23,1399
Lenovo,Yoga 920-13IKB,2 in 1 Convertible,13.9,IPS Panel 4K Ultra HD / Touchscreen 3840x2160,Intel,Core i7 8550U,1.8,16,512GB SSD,Intel,UHD Graphics 620,Windows 10,1.4,1849
Toshiba,Satellite Pro,Notebook,15.6,1366x768,Intel,Core i5 7200U,2.5,8,128GB SSD,Intel,HD Graphics 620,Windows 10,2,793
Xiaomi,Mi Notebook,Notebook,15.6,IPS Panel Full HD 1920x1080,Intel,Core i5 8250U,1.6,8,256GB SSD,Nvidia,GeForce MX150,No OS,1.95,1199
Dell,Inspiron 7773,Notebook,17.3,Full HD / Touchscreen 1920x1080,Intel,Core i7 8550U,1.8,16,512GB SSD,Nvidia,GeForce 150MX,Windows 10,2.77,1549
Dell,XPS 15,Notebook,15.6,4K Ultra HD / Touchscreen 3840x2160,Intel,Core i7 7700HQ,2.8,16,512GB SSD,Nvidia,GeForce GTX 1050,Windows 10,2.06,2397
Lenovo,Legion Y520-15IKBN,Gaming,15.6,IPS Panel Full HD 1920x1080,Intel,Core i5 7300HQ,2.5,8,256GB SSD,Nvidia,GeForce GTX 1050,No OS,2.4,779
Acer,Swift 7,Ultrabook,13.3,IPS Panel Full HD 1920x1080,Intel,Core i5 7Y54,1.2,8,256GB SSD,Intel,HD Graphics 615,Windows 10,1.12,989
Dell,Inspiron 5770,Notebook,17.3,Full HD 1920x1080,Intel,Core i7 8550U,1.8,8,128GB SSD +  1TB HDD,AMD,Radeon 530,Windows 10,2.8,1085
Lenovo,Thinkpad Yoga,2 in 1 Convertible,14,Touchscreen 2560x1440,Intel,Core i7 7500U,2.7,16,1TB SSD,Intel,HD Graphics 620,Windows 10,1.42,2824
Vero,K147 (N3350/4GB/32GB/FHD/W10),Notebook,14,IPS Panel Full HD 1920x1080,Intel,Celeron Dual Core N3350,1.1,4,32GB Flash Storage,Intel,HD Graphics 500,Windows 10,1.3,260
Xiaomi,Mi Notebook,Ultrabook,13.3,IPS Panel Full HD 1920x1080,Intel,Core i5 7200U,2.5,8,256GB SSD,Nvidia,GeForce MX150,No OS,1.3,999.9
Lenovo,IdeaPad 320-17IKBR,Notebook,17.3,1600x900,Intel,Core i5 8250U,1.6,8,256GB SSD,Nvidia,GeForce MX150,No OS,2.8,698
Dell,Inspiron 5379,2 in 1 Convertible,13.3,IPS Panel Full HD / Touchscreen 1920x1080,Intel,Core i7 8550U,1.8,8,1TB HDD,Intel,UHD Graphics 620,Windows 10,1.62,839
HP,ProBook 470,Notebook,17.3,IPS Panel Full HD 1920x1080,Intel,Core i5 8250U,1.6,8,1TB HDD,Nvidia,GeForce 930MX,Windows 10,2.5,914
Razer,Blade Pro,Gaming,17.3,4K Ultra HD / Touchscreen 3840x2160,Intel,Core i7 7820HK,2.9,32,1TB SSD,Nvidia,GeForce GTX 1080,Windows 10,3.49,6099
HP,ProBook 430,Notebook,13.3,Full HD 1920x1080,Intel,Core i5 8250U,1.6,8,512GB SSD,Intel,UHD Graphics 620,Windows 10,1.49,959
HP,Omen 17-W295,Gaming,17.3,IPS Panel Full HD 1920x1080,Intel,Core i7 7700HQ,2.8,16,256GB SSD +  1TB HDD,Nvidia,GeForce GTX 1050,Windows 10,3.35,1379
HP,Probook 470,Notebook,17.3,Full HD 1920x1080,Intel,Core i7 8550U,1.8,8,256GB SSD,Nvidia,GeForce 930MX,Windows 10,2.5,1045
Dell,Inspiron 7577,Gaming,15.6,IPS Panel 4K Ultra HD 3840x2160,Intel,Core i7 7700HQ,2.8,16,512GB SSD +  1TB HDD,Nvidia,GeForce GTX 1060,Windows 10,2.65,1845
Lenovo,V110-15ISK (i5-6200U/4GB/128GB/W10),Notebook,15.6,1366x768,Intel,Core i5 6200U,2.3,4,128GB SSD,Intel,HD Graphics 520,Windows 10,2.1,493
Acer,Aspire E5-576G,Notebook,15.6,Full HD 1920x1080,Intel,Core i7 7500U,2.7,8,1TB HDD,Nvidia,GeForce 940MX,Windows 10,2.23,742
Lenovo,Legion Y720-15IKB,Gaming,15.6,IPS Panel Full HD 1920x1080,Intel,Core i7 7700HQ,2.8,16,512GB SSD +  1TB HDD,Nvidia,GeForce GTX 1060,Windows 10,3.2,1749
Dell,Precision 7520,Workstation,15.6,4K Ultra HD 3840x2160,Intel,Xeon E3-1505M V6,3,16,256GB SSD +  1TB HDD,Nvidia,Quadro M1200,Windows 10,2.8,3055
Lenovo,Legion Y520-15IKBN,Gaming,15.6,Full HD 1920x1080,Intel,Core i7 7700HQ,2.8,16,512GB SSD,Nvidia,GeForce GTX 1060,No OS,2.4,1398
Dell,Inspiron 3567,Notebook,15.6,Touchscreen 1366x768,Intel,Core i3 7100U,2.4,6,1TB HDD,Intel,HD Graphics 620,Windows 10,2.3,439
Dell,XPS 13,Ultrabook,13.3,IPS Panel 4K Ultra HD / Touchscreen 3840x2160,Intel,Core i7 8550U,1.8,8,256GB SSD,Intel,UHD Graphics 620,Windows 10,1.21,1949
Dell,XPS 13,Ultrabook,13.3,Full HD 1920x1080,Intel,Core i7 8550U,1.8,8,256GB SSD,Intel,UHD Graphics 620,Windows 10,1.2,1449
Lenovo,IdeaPad 320-15IKBN,Notebook,15.6,1366x768,Intel,Core i5 7200U,2.5,8,256GB SSD,Intel,HD Graphics 620,Windows 10,2.2,597
Acer,Aspire 7,Notebook,15.6,Full HD 1920x1080,Intel,Core i7 7700HQ,2.8,8,1TB HDD,Nvidia,GeForce GTX 1050,Linux,2.4,779
Asus,ROG GL703VD-GC028T,Gaming,17.3,Full HD 1920x1080,Intel,Core i7 7700HQ,2.8,16,256GB SSD +  1TB HDD,Nvidia,GeForce GTX 1050,Windows 10,2.9,1407
HP,15-bs018nq (i3-6006U/4GB/500GB/FHD/No,Notebook,15.6,Full HD 1920x1080,Intel,Core i3 6006U,2,4,500GB HDD,Intel,HD Graphics 520,No OS,2.1,349
Lenovo,IdeaPad 320-15IKBN,Notebook,15.6,Full HD 1920x1080,Intel,Core i5 7200U,2.5,8,256GB SSD,Intel,HD Graphics 620,No OS,2.2,549
Huawei,MateBook X,Ultrabook,13,IPS Panel Full HD 2160x1440,Intel,Core i7 7500U,2.7,8,512GB SSD,Intel,HD Graphics 620,Windows 10,1.05,1499
Dell,Inspiron 5370,Ultrabook,13.3,IPS Panel Full HD 1920x1080,Intel,Core i7 8550U,1.8,8,256GB SSD,AMD,Radeon 530,Windows 10,1.4,931.88
Lenovo,IdeaPad 320-17IKB,Notebook,17.3,1600x900,Intel,Core i5 7200U,2.5,8,1TB HDD,Nvidia,GeForce GTX 940MX,No OS,2.8,589
HP,Probook 440,Notebook,14,Full HD 1920x1080,Intel,Core i7 8550U,1.8,8,256GB SSD,Nvidia,GeForce 930MX,Windows 10,1.63,1031
Dell,Latitude 5490,Ultrabook,14,Full HD 1920x1080,Intel,Core i5 8250U,1.6,8,256GB SSD,Intel,UHD Graphics 620,Windows 10,1.6,1149
Dell,Inspiron 5379,2 in 1 Convertible,13.3,Full HD / Touchscreen 1920x1080,Intel,Core i7 8550U,1.8,16,512GB SSD,Intel,UHD Graphics 620,Windows 10,1.62,1279
Dell,Inspiron 3576,Notebook,15.6,Full HD 1920x1080,Intel,Core i5 8250U,1.6,8,256GB SSD,AMD,Radeon 520,Linux,2.2,677.35
Lenovo,Yoga 520-14IKB,2 in 1 Convertible,14,IPS Panel Full HD 1920x1080,Intel,Core i5 8250U,1.6,8,256GB SSD,Intel,UHD Graphics 620,Windows 10,1.74,899
Toshiba,Portege Z30-C-16L,Ultrabook,13.3,Full HD 1920x1080,Intel,Core i7 6500U,2.5,8,256GB SSD,Intel,HD Graphics 520,Windows 10,1.2,1363
HP,ProBook 450,Notebook,15.6,Full HD 1920x1080,Intel,Core i5 8250U,1.6,8,1TB HDD,Intel,UHD Graphics 620,Windows 10,2.1,794
Dell,Alienware 17,Gaming,17.3,IPS Panel Full HD 1920x1080,Intel,Core i7 7700HQ,2.8,16,256GB SSD +  1TB HDD,Nvidia,GeForce GTX 1060,Windows 10,4.42,2456.34
Acer,Aspire E5-576G,Notebook,15.6,Full HD 1920x1080,Intel,Core i7 7500U,2.7,8,256GB SSD,Nvidia,GeForce 940MX,Windows 10,2.2,832
Dell,Inspiron 5567,Notebook,15.6,Full HD / Touchscreen 1920x1080,Intel,Core i7 7500U,2.7,16,1TB HDD,AMD,Radeon R7 M445,Windows 10,2.3,859.01
Asus,Vivobook X541UV-DM1217T,Notebook,15.6,Full HD 1920x1080,Intel,Core i5 7200U,2.5,8,256GB SSD,Nvidia,GeForce 920MX,Windows 10,2,769
Asus,K756UX-T4340T (i5-7200U/8GB/500GB,Notebook,17.3,Full HD 1920x1080,Intel,Core i5 7200U,2.5,8,256GB SSD +  500GB HDD,Nvidia,GeForce GTX 950M,Windows 10,2.69,891
HP,ZBook 15u,Notebook,15.6,Full HD 1920x1080,Intel,Core i7 7500U,2.7,8,1TB HDD,AMD,FirePro W4190M,Windows 10,1.9,1269
Asus,Pro P2540UA-XO0198T,Notebook,15.6,1366x768,Intel,Core i3 7100U,2.4,4,1TB HDD,Intel,HD Graphics 620,Windows 10,2.37,398.99
HP,15-rb013nv (E2-9000e/4GB/500GB/W10),Notebook,15.6,1366x768,AMD,E-Series 9000e,1.5,4,500GB HDD,AMD,Radeon R2,Windows 10,2.1,330
Lenovo,Legion Y720-15IKB,Gaming,15.6,IPS Panel Full HD 1920x1080,Intel,Core i7 7700HQ,2.8,16,256GB SSD +  1TB HDD,Nvidia,GeForce GTX 1060,Windows 10,3.2,1499
Dell,Vostro 5468,Notebook,14,Full HD 1920x1080,Intel,Core i5 7200U,2.5,8,256GB SSD,Intel,HD Graphics 620,Windows 10,1.6,859
Acer,Aspire R7,2 in 1 Convertible,13.3,IPS Panel Full HD / Touchscreen 1920x1080,Intel,Core i5 6200U,2.3,8,256GB SSD,Intel,HD Graphics 520,Windows 10,1.6,689
Dell,Inspiron 5567,Notebook,15.6,Full HD 1920x1080,Intel,Core i7 7500U,2.7,16,256GB SSD,AMD,Radeon R7 M445,Linux,2.36,899
Acer,Aspire A315-51,Notebook,15.6,1366x768,Intel,Core i3 6006U,2,4,1TB HDD,Intel,HD Graphics 520,Linux,2.1,390
Asus,X555QG-DM242T (A10-9620P/4GB/1TB,Notebook,15.6,Full HD 1920x1080,AMD,A10-Series A10-9620P,2.5,4,128GB SSD +  1TB HDD,AMD,Radeon R5 M430,Windows 10,2.2,575
Asus,ROG G703VI-E5062T,Gaming,17.3,Full HD 1920x1080,Intel,Core i7 7820HK,2.9,32,512GB SSD +  1TB HDD,Nvidia,GeForce GTX 1080,Windows 10,4.7,3890
Acer,Nitro AN515-51,Gaming,15.6,IPS Panel Full HD 1920x1080,Intel,Core i5 7300HQ,2.5,8,256GB SSD,Nvidia,GeForce GTX 1050,Windows 10,2.5,846
Lenovo,IdeaPad 320-15ISK,Notebook,15.6,1366x768,Intel,Core i3 6006U,2,8,128GB SSD,Intel,HD Graphics 520,Windows 10,2.2,589
Asus,VivoBook Pro,Notebook,17.3,Full HD 1920x1080,Intel,Core i7 8550U,1.8,8,128GB SSD +  1TB HDD,Nvidia,GeForce 150MX,Windows 10,2.1,1145
Asus,F756UX-T4201D (i7-7500U/8GB/128GB,Notebook,17.3,Full HD 1920x1080,Intel,Core i7 7500U,2.7,8,128GB SSD +  1TB HDD,Nvidia,GeForce GTX 950M,No OS,2.69,889
Dell,Inspiron 5577,Gaming,15.6,Full HD 1920x1080,Intel,Core i5 7300HQ,2.5,8,256GB SSD,Nvidia,GeForce GTX 1050,Windows 10,2.56,879
Lenovo,Yoga 910-13IKB,2 in 1 Convertible,13.9,IPS Panel Full HD / Touchscreen 1920x1080,Intel,Core i7 7500U,2.7,8,256GB SSD,Intel,HD Graphics 620,Windows 10,1.38,1079
Dell,Inspiron 5570,Notebook,15.6,Full HD 1920x1080,Intel,Core i7 8550U,1.8,8,128GB SSD +  2TB HDD,AMD,Radeon 530,Windows 10,2.2,985
HP,15-bs015dx (i5-7200U/8GB/1TB/W10),Notebook,15.6,Touchscreen 1366x768,Intel,Core i5 7200U,2.5,8,1TB HDD,Intel,HD Graphics 620,Windows 10,2.04,559
Asus,Rog G701VIK-BA060T,Gaming,17.3,Full HD 1920x1080,Intel,Core i7 7820HK,2.9,16,256GB SSD,Nvidia,GeForce GTX 1080,Windows 10,3.6,2999
HP,ProBook 430,Notebook,13.3,IPS Panel Full HD 1920x1080,Intel,Core i5 8250U,1.6,4,500GB HDD,Intel,UHD Graphics 620,Windows 10,1.49,675
Apple,MacBook Pro,Ultrabook,13.3,IPS Panel Retina Display 2560x1600,Intel,Core i5,3.1,8,512GB SSD,Intel,Iris Plus Graphics 650,macOS,1.37,2040
Dell,Inspiron 5579,2 in 1 Convertible,15.6,IPS Panel Full HD / Touchscreen 1920x1080,Intel,Core i7 8550U,1.8,8,1TB HDD,Intel,UHD Graphics 620,Windows 10,2.08,819
Asus,ROG G752VSK-GC493T,Gaming,17.3,Full HD 1920x1080,Intel,Core i7 7700HQ,2.8,16,256GB SSD +  1TB HDD,Nvidia,GeForce GTX 980M,Windows 10,4.3,1799
Asus,X505BP-BR019T (A9-9420/4GB/1TB/Radeon,Notebook,15.6,1366x768,AMD,A9-Series 9420,3,4,1TB HDD,AMD,Radeon R5 M420,Windows 10,1.68,469
Lenovo,Yoga 920-13IKB,2 in 1 Convertible,13.9,IPS Panel Full HD / Touchscreen 1920x1080,Intel,Core i7 8550U,1.8,8,512GB SSD,Intel,UHD Graphics 620,Windows 10,1.37,1849
Acer,Aspire 5,Notebook,17.3,IPS Panel Full HD 1920x1080,Intel,Core i3 7130U,2.7,4,256GB SSD,Nvidia,GeForce MX130,Windows 10,3,702
Dell,Vostro 5370,Ultrabook,13.3,Full HD 1920x1080,Intel,Core i5 8250U,1.6,8,256GB SSD,Intel,UHD Graphics 620,Windows 10,1.41,949
HP,15-BW094nd (A6-9220/8GB/128GB/W10),Notebook,15.6,1366x768,AMD,A6-Series A6-9220,2.5,8,128GB SSD,AMD,Radeon R4 Graphics,Windows 10,1.91,445.9
HP,Envy 17-U275cl,Notebook,17.3,IPS Panel Full HD 1920x1080,Intel,Core i7 8550U,1.8,16,1TB HDD,Nvidia,GeForce MX150,Windows 10,2.9,1059
MSI,GT73EVR 7RE,Gaming,17.3,Full HD 1920x1080,Intel,Core i7 7700HQ,2.8,16,512GB SSD +  1TB HDD,Nvidia,GeForce GTX 1070,Windows 10,4.14,2499
Lenovo,Yoga 720-15IKB,2 in 1 Convertible,15.6,IPS Panel Full HD / Touchscreen 1920x1080,Intel,Core i7 7700HQ,2.8,8,512GB SSD,Nvidia,GeForce GTX 1050M,Windows 10,2,1699
Dell,Inspiron 5770,Notebook,17.3,Full HD 1920x1080,Intel,Core i7 8550U,1.8,8,128GB SSD +  1TB HDD,AMD,Radeon 530,Windows 10,2.8,1142
Lenovo,IdeaPad 320-15ISK,Notebook,15.6,Full HD 1920x1080,Intel,Core i3 6006U,2,4,256GB SSD,Intel,HD Graphics 520,No OS,2.2,444
HP,ProBook 450,Notebook,15.6,IPS Panel Full HD 1920x1080,Intel,Core i5 8250U,1.6,4,500GB HDD,Intel,HD Graphics 620,Windows 10,2.1,722
Dell,Vostro 3568,Notebook,15.6,Full HD 1920x1080,Intel,Core i5 7200U,2.5,4,1TB HDD,Intel,HD Graphics 620,Windows 10,2.18,657
Dell,Inspiron 3567,Notebook,15.6,Full HD 1920x1080,Intel,Core i5 7200U,2.5,8,1TB HDD,AMD,Radeon R5 M430,Windows 10,2.24,565
Dell,Inspiron 5579,2 in 1 Convertible,15.6,Full HD / Touchscreen 1920x1080,Intel,Core i5 8250U,1.6,8,256GB SSD,Intel,UHD Graphics 620,Windows 10,2.67,799
Asus,ZenBook Flip,2 in 1 Convertible,13.3,Full HD / Touchscreen 1920x1080,Intel,Core i7 8550U,1.8,8,512GB SSD +  512GB SSD,Intel,UHD Graphics 620,Windows 10,1.1,1499
Lenovo,IdeaPad 320-15IKBN,Notebook,15.6,Full HD 1920x1080,Intel,Core i5 7200U,2.5,4,1TB HDD,Intel,HD Graphics 620,No OS,2.2,467
HP,Probook 470,Notebook,17.3,Full HD 1920x1080,Intel,Core i7 8550U,1.8,8,1TB HDD,Nvidia,GeForce 930MX,Windows 10,2.5,1018
Lenovo,V330-15IKB (i7-8550U/8GB/256GB/FHD/W10),Notebook,15.6,Full HD 1920x1080,Intel,Core i7 8550U,1.8,8,256GB SSD,Intel,UHD Graphics 620,Windows 10,2.05,880
Apple,MacBook Pro,Ultrabook,13.3,IPS Panel Retina Display 2560x1600,Intel,Core i5,2.9,8,512GB SSD,Intel,Iris Graphics 550,macOS,1.37,1958.9
Asus,Rog Strix,Gaming,17.3,Full HD 1920x1080,AMD,Ryzen 1700,3,16,256GB SSD +  1TB HDD,AMD,Radeon RX 580,Windows 10,3.2,1549
Dell,Inspiron 3576,Notebook,15.6,Full HD 1920x1080,Intel,Core i7 8550U,1.8,8,256GB SSD,AMD,Radeon 520,Linux,2.14,735.07
Lenovo,ThinkPad X1,2 in 1 Convertible,14,Touchscreen 2560x1440,Intel,Core i7 6600U,2.6,16,512GB SSD,Intel,HD Graphics 520,Windows 10,1.36,2499
Toshiba,Satellite Pro,Notebook,15.6,1366x768,Intel,Core i7 6500U,2.5,8,500GB HDD,Nvidia,GeForce 930M,Windows 10,2.2,812
Dell,Inspiron 5567,Notebook,15.6,1366x768,Intel,Core i7 7500U,2.7,12,1TB HDD,Intel,HD Graphics 620,Windows 10,2.3,713.07
Dell,Inspiron 5770,Notebook,17.3,Full HD 1920x1080,Intel,Core i7 8550U,1.8,8,128GB SSD +  1TB HDD,AMD,Radeon 530,Linux,2.8,1099
Acer,Aspire A515-51G,Notebook,15.6,IPS Panel Full HD 1920x1080,Intel,Core i7 8550U,1.8,8,1TB HDD,Nvidia,GeForce MX130,Windows 10,2.2,745
Lenovo,IdeaPad 320-17ISK,Notebook,17.3,1600x900,Intel,Core i3 6006U,2,4,1TB HDD,Intel,HD Graphics 520,Windows 10,2.8,489
Lenovo,IdeaPad 320-17IKBR,Notebook,17.3,Full HD 1920x1080,Intel,Core i7 8550U,1.8,8,2TB HDD,Nvidia,GeForce MX150,No OS,2.8,849
Lenovo,IdeaPad 320-17IKB,Notebook,17.3,1600x900,Intel,Core i7 7500U,2.7,6,128GB SSD +  1TB HDD,Nvidia,GeForce 940MX,Windows 10,2.8,859
Dell,Inspiron 3567,Notebook,15.6,Full HD 1920x1080,Intel,Core i3 6006U,2,4,1TB HDD,AMD,Radeon R5 M430,Linux,2.25,428
Lenovo,Legion Y520-15IKBN,Gaming,15.6,IPS Panel Full HD 1920x1080,Intel,Core i5 7300HQ,2.5,8,256GB SSD,Nvidia,GeForce GTX 1050,Windows 10,2.5,829
Lenovo,Ideapad 320-15IKBN,Notebook,15.6,Full HD 1920x1080,Intel,Core i5 7200U,2.5,6,256GB SSD,Intel,HD Graphics 620,Windows 10,2.2,579
Acer,Aspire A517-51G,Notebook,15.6,IPS Panel Full HD 1920x1080,Intel,Core i7 8550U,1.8,8,256GB SSD,Nvidia,GeForce MX150,Windows 10,3,951
Acer,SP315-51 (i7-7500U/12GB/1TB/FHD/W10),Notebook,15.6,IPS Panel Full HD / Touchscreen 1920x1080,Intel,Core i7 7500U,2.7,12,1TB HDD,Intel,HD Graphics 620,Windows 10,2.15,659
Lenovo,Thinkpad T570,Notebook,15.6,IPS Panel Full HD 1920x1080,Intel,Core i7 7500U,2.7,8,256GB SSD,Intel,HD Graphics 630,Windows 10,1.95,1097
Asus,VivoBook S15,Ultrabook,15.6,Full HD 1920x1080,Intel,Core i5 7200U,2.5,8,256GB SSD,Nvidia,GeForce 940MX,Windows 10,1.7,977
Lenovo,Legion Y520-15IKBN,Gaming,15.6,IPS Panel Full HD 1920x1080,Intel,Core i7 7700HQ,2.8,16,256GB SSD +  1TB HDD,Nvidia,GeForce GTX 1050 Ti,Windows 10,2.5,1179
Lenovo,IdeaPad 320-15IKB,Notebook,15.6,Full HD 1920x1080,Intel,Core i7 7500U,2.7,8,1TB HDD,Nvidia,GeForce 940MX,No OS,2.2,659.01
Acer,Chromebook C910-C2ST,Notebook,15.6,1366x768,Intel,Celeron Dual Core 3205U,1.5,2,16GB SSD,Intel,HD Graphics,Chrome OS,2.19,199
Asus,FX753VD-GC071T (i7-7700HQ/8GB/1TB/GeForce,Gaming,17.3,Full HD 1920x1080,Intel,Core i7 7700HQ,2.8,8,1TB HDD,Nvidia,GeForce GTX 1050,Windows 10,3,1187
HP,17-BS037cl (i3-6006U/8GB/1TB/W10),Notebook,17.3,1600x900,Intel,Core i3 6006U,2,8,1TB HDD,Intel,HD Graphics 520,Windows 10,2.54,489
Dell,XPS 15,Notebook,15.6,Full HD 1920x1080,Intel,Core i7 7700HQ,2.8,8,256GB SSD,Nvidia,GeForce GTX 1050,Windows 10,2,1829
Lenovo,V330-15IKB (i5-8250U/8GB/256GB/FHD/W10),Notebook,15.6,Full HD 1920x1080,Intel,Core i5 8250U,1.6,8,256GB SSD,Intel,UHD Graphics 620,Windows 10,2.05,739
Lenovo,Legion Y720-15IKB,Gaming,15.6,IPS Panel Full HD 1920x1080,Intel,Core i7 7700HQ,2.8,8,1TB HDD,Nvidia,GeForce GTX 1060,Windows 10,3.2,1299
Acer,Aspire A715-71G,Notebook,15.6,Full HD 1920x1080,Intel,Core i7 7700HQ,2.8,8,256GB SSD,Nvidia,GeForce GTX 1050 Ti,Linux,2.5,979
Dell,Precision 7720,Workstation,17.3,Full HD 1920x1080,Intel,Core i7 7820HQ,2.9,16,256GB SSD,Nvidia,Quadro M1200,Windows 10,3.42,2884.86
Lenovo,IdeaPad 310-15ABR,Notebook,15.6,Full HD 1920x1080,AMD,A10-Series 9600P,2.4,6,1TB HDD,AMD,Radeon R5 430,Windows 10,2.4,499
Asus,ZenBook UX530UQ-PRO,Ultrabook,15.6,Full HD 1920x1080,Intel,Core i7 7500U,2.7,16,512GB SSD,Nvidia,GeForce 940MX,Windows 10,1.63,1468
Asus,VivoBook S14,Notebook,14,1366x768,Intel,Core i3 7100U,2.4,4,128GB SSD,Intel,HD Graphics 620,Windows 10,1.3,509
Asus,Rog GL702VS-GC095T,Gaming,17.3,Full HD 1920x1080,Intel,Core i7 7700HQ,2.8,16,256GB SSD +  1TB HDD,Nvidia,GeForce GTX 1070,Windows 10,2.9,2122
Lenovo,IdeaPad 320-17IKB,Notebook,17.3,1600x900,Intel,Core i5 7200U,2.5,6,1TB HDD,Nvidia,GeForce GTX 940M,Windows 10,2.8,649
Lenovo,IdeaPad 320-15IKBN,Notebook,15.6,1366x768,Intel,Core i5 7200U,2.5,8,2TB HDD,Nvidia,GeForce 940MX,No OS,2.2,549
Asus,GL553VE-FY082T (i7-7700HQ/8GB/1TB,Gaming,15.6,Full HD 1920x1080,Intel,Core i7 7700HQ,2.8,8,128GB SSD +  1TB HDD,Nvidia,GeForce GTX 1050 Ti,Windows 10,2.5,1265
Lenovo,IdeaPad 320-15IAP,Notebook,15.6,1366x768,Intel,Pentium Quad Core N4200,1.1,4,1TB HDD,Intel,HD Graphics 505,No OS,2.2,359.99
HP,EliteBook x360,2 in 1 Convertible,13.3,Full HD / Touchscreen 1920x1080,Intel,Core i7 7600U,2.8,16,256GB SSD,Intel,HD Graphics 620,Windows 10,1.28,1975
Toshiba,Satellite Pro,Notebook,15.6,IPS Panel Full HD 1920x1080,Intel,Core i7 6500U,2.5,8,256GB SSD,Nvidia,GeForce 930M,Windows 10,2.2,1043
Lenovo,IdeaPad 320-15IKB,Notebook,15.6,Full HD 1920x1080,Intel,Core i5 7200U,2.5,8,128GB SSD +  1TB HDD,Nvidia,GeForce 940MX,Windows 10,2.3,819
HP,250 G6,Notebook,15.6,Full HD 1920x1080,Intel,Core i3 6006U,2,4,1TB HDD,Intel,HD Graphics 520,Windows 10,1.86,469
Lenovo,IdeaPad 720S-13IKB,Notebook,13.3,IPS Panel Full HD 1920x1080,Intel,Core i5 7200U,2.5,8,256GB SSD,Intel,HD Graphics 620,Windows 10,1.1,999
Dell,XPS 13,Ultrabook,13.3,IPS Panel 4K Ultra HD / Touchscreen 3840x2160,Intel,Core i7 8550U,1.8,16,1TB SSD,Intel,UHD Graphics 620,Windows 10,1.21,2499
MSI,GE63VR 7RF,Gaming,15.6,IPS Panel Full HD 1920x1080,Intel,Core i7 7700HQ,2.8,16,256GB SSD +  1TB HDD,Nvidia,GeForce GTX 1070,Windows 10,2.8,2099
Acer,ES1-523-84K7 (A8-7410/8GB/256GB/FHD/W10),Notebook,15.6,Full HD 1920x1080,AMD,A8-Series 7410,2.2,8,256GB SSD,AMD,Radeon R5,Windows 10,2.23,469
Asus,VivoBook Flip,2 in 1 Convertible,11.6,Touchscreen 1366x768,Intel,Celeron Dual Core N3350,1.1,2,32GB Flash Storage,Intel,HD Graphics 500,Windows 10,1.1,275
Dell,Inspiron 5570,Notebook,15.6,Full HD 1920x1080,Intel,Core i5 8250U,1.6,8,128GB SSD +  1TB HDD,AMD,Radeon 530,Windows 10,2.33,844
HP,Spectre x360,2 in 1 Convertible,13.3,IPS Panel 4K Ultra HD / Touchscreen 3840x2160,Intel,Core i7 8550U,1.8,16,1TB SSD,Intel,UHD Graphics 620,Windows 10,1.29,2449
Lenovo,ThinkPad 13,Notebook,13.3,1366x768,Intel,Celeron Dual Core 3855U,1.6,4,16GB Flash Storage,Intel,HD Graphics 510,Chrome OS,1.45,459.9
HP,ProBook 640,Notebook,14,Full HD 1920x1080,Intel,Core i5 7200U,2.5,8,256GB SSD,Intel,HD Graphics 620,Windows 10,1.95,980
Acer,TravelMate B,Notebook,11.6,1366x768,Intel,Pentium Quad Core N3710,1.6,4,128GB Flash Storage,Intel,HD Graphics 405,Windows 10,1.4,485
HP,Elitebook 840,Notebook,14,Full HD 1920x1080,Intel,Core i7 7500U,2.7,8,256GB SSD,Intel,HD Graphics 620,Windows 10,1.48,1292
Lenovo,IdeaPad 320-17IKB,Notebook,17.3,1600x900,Intel,Core i5 7200U,2.5,4,1TB HDD,Nvidia,GeForce 920MX,Windows 10,2.79,589
Asus,ZenBook UX410UA-GV183T,Notebook,14,Full HD 1920x1080,Intel,Core i7 7500U,2.7,8,256GB SSD,Intel,HD Graphics 620,Windows 10,2,1094
HP,ProBook 450,Notebook,15.6,IPS Panel Full HD 1366x768,Intel,Core i7 8550U,1.8,8,1TB HDD,Intel,UHD Graphics 620,Windows 10,2.1,902
Acer,Aspire 5,Notebook,15.6,1366x768,AMD,A12-Series 9720P,2.7,8,256GB SSD,AMD,Radeon RX 540,Windows 10,2.2,659
Lenovo,IdeaPad 120S-14IAP,Notebook,14,1366x768,Intel,Celeron Dual Core N3350,1.1,4,32GB Flash Storage,Intel,HD Graphics 500,Windows 10,1.44,292
Acer,Aspire E5-575,Notebook,15.6,1366x768,Intel,Core i5 7200U,2.5,6,1TB HDD,Intel,HD Graphics 620,Windows 10,2.23,549
Asus,VivoBook S15,Ultrabook,15.6,Full HD 1920x1080,Intel,Core i7 7500U,2.7,8,256GB SSD,Nvidia,GeForce 940MX,Windows 10,1.7,1049.9
HP,Elitebook 820,Ultrabook,12.5,Full HD 1920x1080,Intel,Core i7 7500U,2.7,8,256GB SSD,Intel,HD Graphics 620,Windows 10,1.26,1335
Dell,XPS 15,Notebook,15.6,4K Ultra HD / Touchscreen 3840x2160,Intel,Core i7 7700HQ,2.8,32,1TB SSD,Nvidia,GeForce GTX 1050,Windows 10,2.06,2639
MSI,GL72M 7REX,Gaming,17.3,Full HD 1920x1080,Intel,Core i7 7700HQ,2.8,8,256GB SSD +  1TB HDD,Nvidia,GeForce GTX 1050 Ti,Windows 10,2.7,1199
Toshiba,Satellite Pro,Notebook,15.6,IPS Panel Full HD 1920x1080,Intel,Core i5 7200U,2.5,8,256GB SSD,Intel,HD Graphics 620,Windows 10,2,943
Asus,UX510UX-CN269T (i7-7500U/8GB/256GB,Notebook,14,Full HD 1920x1080,Intel,Core i7 7500U,2.7,8,256GB SSD +  1TB HDD,Intel,HD Graphics 620,Windows 10,2,1334
Lenovo,V310-15ISK (i3-6006U/4GB/1TB/FHD/W10),Notebook,15.6,Full HD 1920x1080,Intel,Core i3 6006U,2,4,1TB HDD,Intel,HD Graphics 520,Windows 10,1.85,449
Asus,FX553VD-FY647T (i7-7700HQ/8GB/256GB/GeForce,Gaming,15.6,Full HD 1920x1080,Intel,Core i7 7700HQ,2.8,8,256GB SSD,Nvidia,GeForce GTX 1050,Windows 10,2.5,999
HP,EliteBook 840,Notebook,14,Full HD 1920x1080,Intel,Core i5 7300U,2.6,8,256GB SSD,Intel,HD Graphics 620,Windows 10,1.48,1268
Dell,Inspiron 7570,Ultrabook,15.6,IPS Panel Full HD 1920x1080,Intel,Core i5 8250U,1.6,8,128GB SSD +  1TB HDD,Nvidia,GeForce 940MX,Windows 10,1.9,1049
HP,Elitebook 850,Notebook,15.6,Full HD 1920x1080,Intel,Core i5 7200U,2.5,8,256GB SSD,Intel,HD Graphics 620,Windows 10,1.84,1144
Asus,X541NA (N3350/4GB/1TB/Linux),Notebook,15.6,1366x768,Intel,Celeron Dual Core N3350,1.1,4,1TB HDD,Intel,HD Graphics 500,Linux,2,274.99
Dell,Inspiron 7570,Notebook,15.6,Full HD 1920x1080,Intel,Core i5 8250U,1.6,8,256GB SSD,Nvidia,GeForce 940MX,Windows 10,2,1142.75
Dell,Inspiron 3552,Notebook,15.6,1366x768,Intel,Celeron Dual Core N3060,1.6,4,500GB HDD,Intel,HD Graphics,Linux,2.2,274.9
Lenovo,IdeaPad 320-15ABR,Notebook,15.6,Full HD 1920x1080,AMD,A12-Series 9720P,3.6,12,2TB HDD,AMD,Radeon 530,Windows 10,2.2,899
HP,ProBook 450,Notebook,15.6,IPS Panel Full HD 1920x1080,Intel,Core i3 7100U,2.4,8,1TB HDD,Nvidia,GeForce 930MX,Windows 10,2.1,716
Lenovo,Yoga 920-13IKB,2 in 1 Convertible,13.9,IPS Panel 4K Ultra HD / Touchscreen 3840x2160,Intel,Core i7 8550U,1.8,16,512GB SSD,Intel,UHD Graphics 620,Windows 10,1.4,2099
Dell,XPS 13,Ultrabook,13.3,Full HD 1920x1080,Intel,Core i7 8550U,1.8,8,256GB SSD,Intel,UHD Graphics 620,Windows 10,1.2,1579
Lenovo,Legion Y520-15IKBN,Gaming,15.6,IPS Panel Full HD 1920x1080,Intel,Core i7 7700HQ,2.8,16,256GB SSD +  2TB HDD,Nvidia,GeForce GTX 1050 Ti,Windows 10,2.4,1129
HP,Stream 14-AX001nv,Notebook,14,1366x768,Intel,Celeron Dual Core N3060,1.6,2,32GB Flash Storage,Intel,HD Graphics 400,Windows 10,1.44,279
Dell,Latitude 5590,Ultrabook,15.6,Full HD 1920x1080,Intel,Core i7 8650U,1.9,16,512GB SSD +  256GB SSD,Intel,UHD Graphics 620,Windows 10,1.88,1607.96
Asus,VivoBook Flip,2 in 1 Convertible,11.6,Touchscreen 1366x768,Intel,Celeron Dual Core N3350,1.1,4,32GB Flash Storage,Intel,HD Graphics 500,Windows 10,1.5,375
Dell,Inspiron 5570,Ultrabook,15.6,Full HD 1920x1080,Intel,Core i5 8250U,1.6,8,1TB HDD,AMD,Radeon 530,Windows 10,1.9,663
Dell,XPS 15,Notebook,15.6,4K Ultra HD / Touchscreen 3840x2160,Intel,Core i7 7700HQ,2.8,16,512GB SSD,Nvidia,GeForce GTX 1050,Windows 10,2.06,2027.42
HP,Elitebook 850,Notebook,15.6,Full HD 1920x1080,Intel,Core i7 7500U,2.7,8,256GB SSD,Intel,HD Graphics 620,Windows 10,1.84,1304
MSI,GP72MVR 7RFX,Gaming,17.3,Full HD 1920x1080,Intel,Core i7 7700HQ,2.8,8,128GB SSD +  1TB HDD,Nvidia,GeForce GTX 1060,Windows 10,2.7,1409
HP,Zbook 15,Workstation,15.6,Full HD 1920x1080,Intel,Core i7 7700HQ,2.8,8,256GB SSD,Nvidia,Quadro M1200,Windows 10,2.6,1738.27
Toshiba,Tecra A50-C-21G,Notebook,15.6,IPS Panel Full HD 1920x1080,Intel,Core i7 6500U,2.5,16,512GB SSD,Nvidia,GeForce 930M,Windows 10,2.4,1403
Dell,Inspiron 5570,Notebook,15.6,Full HD 1920x1080,Intel,Core i7 8550U,1.8,8,128GB SSD +  2TB HDD,AMD,Radeon 530,Windows 10,2.02,970.9
Lenovo,IdeaPad 320-15IAP,Notebook,15.6,1366x768,Intel,Celeron Dual Core N3350,1.1,4,1TB HDD,Intel,HD Graphics 500,No OS,2.2,321.99
Dell,Inspiron 7577,Gaming,15.6,Full HD 1920x1080,Intel,Core i5 7300HQ,2.5,8,1TB HDD,Nvidia,GeForce GTX 1050,Windows 10,2.65,999
Dell,Inspiron 3567,Notebook,15.6,Touchscreen 1366x768,Intel,Core i5 7200U,2.5,8,2TB HDD,Intel,HD Graphics 620,Windows 10,2.36,557.37
Dell,Latitude 7480,Notebook,14,Full HD 1920x1080,Intel,Core i5 7300U,2.6,8,256GB SSD,Intel,HD Graphics 620,Windows 10,1.36,1427
HP,250 G6,Notebook,15.6,1366x768,Intel,Core i3 6006U,2,4,500GB HDD,Intel,HD Graphics 520,Windows 10,1.86,439
Asus,Zenbook UX410UA-GV027T,Notebook,14,Full HD 1920x1080,Intel,Core i5 7200U,2.5,8,256GB SSD,Intel,HD Graphics 620,Windows 10,2,945
Lenovo,IdeaPad 320-17IKB,Notebook,17.3,1600x900,Intel,Core i5 7200U,2.5,6,128GB SSD +  1TB HDD,Nvidia,GeForce GTX 940MX,Windows 10,2.8,719
HP,250 G6,Notebook,15.6,Full HD 1920x1080,Intel,Core i5 7200U,2.5,8,1TB HDD,Intel,HD Graphics 620,Windows 10,1.86,639
Lenovo,IdeaPad 320-15ISK,Notebook,15.6,1366x768,Intel,Core i3 6006U,2,8,256GB SSD,Nvidia,GeForce 920MX,No OS,2.2,499
HP,15-AY023na (N3710/8GB/2TB/W10),Notebook,15.6,1366x768,Intel,Pentium Quad Core N3710,1.6,8,2TB HDD,Intel,HD Graphics 405,Windows 10,2.04,389
Dell,Inspiron 5770,Notebook,17.3,Full HD 1920x1080,Intel,Core i5 8250U,1.6,8,128GB SSD +  1TB HDD,AMD,Radeon 530,Windows 10,2.8,1085
Lenovo,Legion Y520-15IKBN,Gaming,15.6,IPS Panel Full HD 1920x1080,Intel,Core i5 7300HQ,2.5,8,128GB SSD +  1TB HDD,Nvidia,GeForce GTX 1050,No OS,2.4,809
Dell,Inspiron 5567,Notebook,15.6,Full HD 1920x1080,Intel,Core i7 7500U,2.7,8,256GB SSD,AMD,Radeon R7 M445,Windows 10,2.33,899
HP,Elitebook 1040,Ultrabook,14,IPS Panel Full HD 1920x1080,Intel,Core i7 7500U,2.7,8,256GB SSD,Intel,HD Graphics 620,Windows 10,1.36,1750
Asus,ZenBook Flip,2 in 1 Convertible,15.6,Full HD / Touchscreen 1920x1080,Intel,Core i7 7500U,2.7,12,512GB SSD +  2TB HDD,Nvidia,GeForce GT 940MX,Windows 10,2.26,1099
Acer,Aspire 3,Notebook,15.6,1366x768,AMD,A9-Series 9420,3,4,128GB SSD,AMD,Radeon R5,Windows 10,2.1,426
Asus,Rog Strix,Gaming,17.3,IPS Panel Full HD 1920x1080,AMD,Ryzen 1700,3,16,256GB SSD +  1TB HDD,AMD,Radeon RX 580,Windows 10,3.25,2199
Lenovo,IdeaPad 110-17ACL,Notebook,17.3,1600x900,AMD,A8-Series 7410,2.2,4,128GB SSD,AMD,Radeon R5,Windows 10,2.6,489
Dell,Inspiron 5379,2 in 1 Convertible,13.3,Full HD / Touchscreen 1920x1080,Intel,Core i7 8550U,1.8,8,256GB SSD,Intel,UHD Graphics 620,Windows 10,1.62,869.01
HP,15-bw003nv (A9-Series-9420/4GB/256GB/FHD/W10),Notebook,15.6,Full HD 1920x1080,AMD,A9-Series 9420,3,4,256GB SSD,AMD,Radeon R5,Windows 10,1.91,488.99
Lenovo,Yoga 11e,Netbook,11.6,IPS Panel 1366x768,Intel,Celeron Quad Core N3450,1.1,4,128GB SSD,Intel,HD Graphics 500,Windows 10,1.59,553
Dell,Inspiron 3552,Notebook,15.6,1366x768,Intel,Celeron Dual Core N3060,1.6,4,500GB HDD,Intel,HD Graphics 400,Windows 10,1.8,309
Asus,VivoBook E403NA,Notebook,14,1366x768,Intel,Celeron Dual Core N3350,1.1,4,32GB Flash Storage,Intel,HD Graphics 500,Windows 10,1.5,286
Acer,Aspire 7,Notebook,15.6,Full HD 1920x1080,Intel,Core i7 7700HQ,2.8,8,1TB HDD,Nvidia,GeForce GTX 1050,Linux,2.4,846
HP,Omen 17-w212nv,Gaming,17.3,IPS Panel Full HD 1920x1080,Intel,Core i7 7700HQ,2.8,8,128GB SSD +  1TB HDD,Nvidia,GeForce GTX 1050,Windows 10,3.35,1191
Lenovo,V310-15ISK (i3-6006U/4GB/128GB/FHD/No,Notebook,15.6,Full HD 1920x1080,Intel,Core i3 6006U,2,4,128GB SSD,Intel,HD Graphics 520,No OS,1.85,403.5
Asus,ROG Strix,Gaming,15.6,IPS Panel Full HD 1920x1080,Intel,Core i7 7700HQ,2.8,8,128GB SSD +  1TB HDD,Nvidia,GeForce GTX 1060,Windows 10,2.3,1655
Lenovo,IdeaPad 720S-14IKB,Notebook,14,IPS Panel Full HD 1920x1080,Intel,Core i5 7200U,2.5,8,256GB SSD,Nvidia,GeForce 940MX,Windows 10,1.5,1099
Asus,Zenbook Flip,Ultrabook,13.3,Full HD / Touchscreen 1920x1080,Intel,Core i7 7500U,2.7,16,512GB SSD,Intel,HD Graphics 620,Windows 10,1.1,1748.9
Lenovo,Thinkpad X1,Ultrabook,14,IPS Panel 2560x1440,Intel,Core i7 7500U,2.7,8,512GB SSD,Intel,HD Graphics 620,Windows 10,1.13,2282
Lenovo,Ideapad 510S-13IKB,Notebook,13.3,IPS Panel Full HD 1920x1080,Intel,Core i3 7100U,2.4,4,128GB SSD,Intel,HD Graphics 620,Windows 10,1.5,549
Dell,Precision 3510,Workstation,15.6,Full HD 1920x1080,Intel,Core i5 6440HQ,2.6,8,500GB HDD,AMD,FirePro W5130M,Windows 10,2.23,1369
Dell,Precision 5520,Workstation,15.6,IPS Panel Full HD 1920x1080,Intel,Core i7 6820HQ,2.7,8,256GB SSD,Nvidia,Quadro M1200,Windows 10,2,2135
Lenovo,ThinkPad X1,2 in 1 Convertible,14,Touchscreen 2560x1440,Intel,Core i7 7500U,2.7,16,512GB SSD,Intel,HD Graphics 620,Windows 10,1.42,2509
Asus,Rog GL753VD-GC042T,Gaming,17.3,Full HD 1920x1080,Intel,Core i7 7700HQ,2.8,8,1TB HDD,Nvidia,GeForce GTX 1050,Windows 10,3,1039
Asus,Rog GL753VE-GC070T,Gaming,17.3,Full HD 1920x1080,Intel,Core i7 7700HQ,2.8,16,256GB SSD +  1TB HDD,Nvidia,GeForce GTX 1050 Ti,Windows 10,3,1591
Acer,Aspire 5,Notebook,15.6,IPS Panel 1366x768,Intel,Core i5 8250U,1.6,12,1TB HDD,Nvidia,GeForce MX130,Windows 10,2.2,693.99
MSI,Leopard GP72M,Gaming,17.3,Full HD 1920x1080,Intel,Core i7 7700HQ,2.8,8,256GB SSD,Nvidia,GeForce GTX 1050 Ti,Windows 10,2.7,1349
Dell,Inspiron 5567,Notebook,15.6,Full HD 1920x1080,Intel,Core i7 7500U,2.7,8,256GB SSD,AMD,Radeon R7 M445,Linux,2.33,778.87
HP,15-BW004nv (A9-9420/4GB/256GB/Radeon,Ultrabook,15.6,Full HD 1920x1080,AMD,A9-Series 9420,3,4,256GB SSD,AMD,Radeon 520,Windows 10,1.91,499
Lenovo,ThinkPad E580,Notebook,15.6,IPS Panel Full HD 1920x1080,Intel,Core i7 8550U,1.8,8,256GB SSD,AMD,Radeon RX 550,Windows 10,2.1,1229.56
Lenovo,ThinkPad L470,Notebook,14,IPS Panel Full HD 1920x1080,Intel,Core i5 7200U,2.5,8,256GB SSD,Intel,HD Graphics 620,Windows 10,1.9,938
Dell,Precision M5520,Workstation,15.6,4K Ultra HD / Touchscreen 3840x2160,Intel,Core i7 7700HQ,2.8,8,256GB SSD,Nvidia,Quadro M1200,Windows 10,1.78,2712
Lenovo,Thinkpad X1,Ultrabook,14,IPS Panel 2560x1440,Intel,Core i7 7500U,2.7,16,1TB SSD,Intel,HD Graphics 620,Windows 10,1.13,2625
Lenovo,IdeaPad 320-15IAP,Notebook,15.6,1366x768,Intel,Celeron Dual Core N3350,1.1,4,1TB HDD,Intel,HD Graphics 500,Windows 10,2.2,306
Asus,FX753VD-GC461T (i7-7700HQ/16GB/1TB,Gaming,17.3,Full HD 1920x1080,Intel,Core i7 7700HQ,2.8,16,256GB SSD +  1TB HDD,Nvidia,GeForce GTX 1050,Windows 10,2.9,1529
Lenovo,ThinkPad E580,Notebook,15.6,IPS Panel Full HD 1920x1080,Intel,Core i5 8250U,1.6,8,256GB SSD +  1TB HDD,AMD,Radeon RX 550,Windows 10,2.1,1144.5
Acer,Aspire 7,Notebook,15.6,Full HD 1920x1080,Intel,Core i7 7700HQ,2.8,8,256GB SSD,Nvidia,GeForce GTX 1050,Linux,2.5,879
MSI,GE73VR 7RF,Gaming,17.3,Full HD 1920x1080,Intel,Core i7 7700HQ,2.8,16,256GB SSD +  1TB HDD,Nvidia,GeForce GTX 1070,Windows 10,2.8,2249
Asus,Zenbook 3,Ultrabook,14,Full HD 1920x1080,Intel,Core i7 7500U,2.7,8,512GB SSD,Intel,HD Graphics 620,Windows 10,1.1,1873
Toshiba,Portege Z30-C-16P,Ultrabook,13.3,Full HD 1920x1080,Intel,Core i7 6500U,2.5,16,512GB SSD,Intel,HD Graphics 520,Windows 10,1.2,1747
Dell,Latitude 7480,Ultrabook,14,Full HD 1920x1080,Intel,Core i7 7600U,2.8,8,512GB SSD,Intel,HD Graphics,Windows 10,1.36,1680
Lenovo,IdeaPad 320-15ISK,Notebook,15.6,Full HD 1920x1080,Intel,Core i3 6006U,2,4,500GB HDD,Intel,HD Graphics 520,Windows 10,2.2,409
Lenovo,Lenovo IdeaPad,Notebook,11.6,1366x768,Intel,Celeron Dual Core N3350,1.1,2,32GB Flash Storage,Intel,HD Graphics 500,Windows 10,1.15,304.45
Lenovo,ThinkPad P51,Workstation,15.6,Full HD 1920x1080,Intel,Core i7 7700HQ,2.8,8,512GB SSD,Nvidia,Quadro M1200,Windows 10,2.67,1925
Lenovo,Thinkpad T470p,Ultrabook,14,IPS Panel Full HD 2560x1440,Intel,Core i7 7700HQ,2.8,8,512GB SSD,Nvidia,GeForce GT 940MX,Windows 10,1.7,1943
HP,15-BS028nv (i3-6006U/4GB/1TB/Radeon,Notebook,15.6,Full HD 1920x1080,Intel,Core i3 6006U,2,4,1TB HDD,AMD,Radeon 520,Windows 10,2.1,469
Acer,Aspire R7,2 in 1 Convertible,13.3,IPS Panel Full HD / Touchscreen 1920x1080,Intel,Core i7 6500U,2.5,8,256GB SSD,Intel,HD Graphics 520,Windows 10,1.6,789.01
Asus,ZenBook Flip,2 in 1 Convertible,13.3,IPS Panel Full HD / Touchscreen 1920x1080,Intel,Core i5 7200U,2.5,8,256GB SSD,Intel,HD Graphics 620,Windows 10,1.27,928
Dell,Inspiron 3567,Notebook,15.6,Full HD 1920x1080,Intel,Core i5 7200U,2.5,4,256GB SSD,AMD,Radeon R5 M430,Linux,2.3,598.9
Dell,Latitude 3380,Notebook,13.3,1366x768,Intel,Core i3 6006U,2,4,128GB SSD,Intel,HD Graphics 520,Windows 10,1.65,689
HP,EliteBook 1040,Ultrabook,14,Full HD 1920x1080,Intel,Core i7 6500U,2.5,8,256GB SSD,Intel,HD Graphics 520,Windows 10,1.43,1500
Dell,Inspiron 3567,Notebook,15.6,1366x768,Intel,Core i5 7200U,2.5,8,1TB HDD,Intel,HD Graphics 620,Windows 10,2.14,539.95
Lenovo,ThinkPad E480,Ultrabook,14,IPS Panel Full HD 1920x1080,Intel,Core i7 8550U,1.8,8,256GB SSD,AMD,Radeon RX 550,Windows 10,1.75,1215.38
Lenovo,Yoga 720-15IKB,2 in 1 Convertible,15.6,IPS Panel 4K Ultra HD / Touchscreen 3840x2160,Intel,Core i7 7700HQ,2.8,16,512GB SSD,Nvidia,GeForce GTX 1050,Windows 10,2,1899
Chuwi,LapBook 12.3,Notebook,12.3,IPS Panel Retina Display 2736x1824,Intel,Celeron Quad Core N3450,1.1,6,64GB Flash Storage,Intel,HD Graphics 500,Windows 10,1.4,449
HP,ProBook 650,Notebook,15.6,Full HD 1920x1080,Intel,Core i7 7820HQ,2.9,8,256GB SSD,Intel,HD Graphics 630,Windows 10,2.31,1427
Asus,X542UQ-DM117 (i3-7100U/8GB/1TB/GeForce,Notebook,15.6,Full HD 1920x1080,Intel,Core i3 7100U,2.4,8,1TB HDD,Nvidia,GeForce 940MX,Linux,2.3,597
Dell,Alienware 17,Gaming,17.3,IPS Panel 2560x1440,Intel,Core i7 7820HK,2.9,16,256GB SSD +  1TB HDD,Nvidia,GeForce GTX 1070,Windows 10,4.42,2799
Dell,Inspiron 7577,Gaming,15.6,IPS Panel Full HD 1920x1080,Intel,Core i7 7700HQ,2.8,8,128GB SSD +  1TB HDD,Nvidia,GeForce GTX 1050 Ti,Windows 10,2.62,1159
Dell,Inspiron 5570,Notebook,15.6,Full HD 1920x1080,Intel,Core i7 8550U,1.8,8,256GB SSD +  2TB HDD,AMD,Radeon 530,Windows 10,2.02,1142.4
Dell,Latitude 5480,Ultrabook,14,Full HD 1920x1080,Intel,Core i7 7600U,2.8,8,256GB SSD,Intel,HD Graphics 620,Linux,1.6,1099
HP,Omen 17-w207nv,Gaming,17.3,Full HD 1920x1080,Intel,Core i7 7700HQ,2.8,12,256GB SSD +  1TB HDD,Nvidia,GeForce GTX 1070,Windows 10,3.35,1999
Mediacom,FlexBook Edge,2 in 1 Convertible,11.6,IPS Panel Full HD / Touchscreen 1920x1080,Intel,Celeron Dual Core N3350,1.1,4,32GB SSD,Intel,HD Graphics 500,Windows 10,1.16,299
Samsung,Chromebook 3,Netbook,11.6,1366x768,Intel,Celeron Dual Core N3060,1.6,4,16GB Flash Storage,Intel,HD Graphics 400,Chrome OS,1.15,269
Lenovo,Thinkpad 13,Notebook,13.3,IPS Panel Full HD 1920x1080,Intel,Core i7 7500U,2.7,8,256GB SSD,Intel,HD Graphics 620,Windows 10,1.4,1010
Lenovo,IdeaPad 320s-14IKB,Notebook,14,IPS Panel Full HD 1920x1080,Intel,Core i3 7130U,2.7,4,128GB SSD,Intel,HD Graphics 620,Windows 10,1.7,599
Lenovo,Thinkpad T570,Workstation,15.6,IPS Panel 4K Ultra HD 3840x2160,Intel,Core i7 7600U,2.8,16,512GB SSD,Nvidia,GeForce 940MX,Windows 10,2.3,2445
Lenovo,Thinkpad P51,Notebook,15.6,Full HD 1920x1080,Intel,Core i7 7820HQ,2.9,16,512GB SSD,Nvidia,Quadro M2200M,Windows 10,2.5,2449
Asus,Rog Strix,Gaming,17.3,Full HD 1920x1080,AMD,Ryzen 1600,3.2,8,256GB SSD +  1TB HDD,AMD,Radeon RX 580,Windows 10,3.2,1695
HP,15-ra044nv (N3060/4GB/500GB/W10),Notebook,15.6,1366x768,Intel,Celeron Dual Core N3060,1.6,4,500GB HDD,Intel,HD Graphics 400,Windows 10,2.1,347
Google,Pixelbook (Core,Ultrabook,12.3,Touchscreen 2400x1600,Intel,Core i7 7Y75,1.3,16,512GB SSD,Intel,HD Graphics 615,Chrome OS,1.1,2199
Lenovo,ThinkPad T470s,Ultrabook,14,2560x1440,Intel,Core i7 7500U,2.7,24,512GB SSD,Intel,HD Graphics 620,Windows 10,1.32,2382
Asus,VivoBook Max,Notebook,15.6,Full HD 1920x1080,Intel,Core i5 7200U,2.5,4,256GB SSD,Intel,HD Graphics 620,Linux,2,559
Lenovo,IdeaPad 320-15AST,Notebook,17.3,1600x900,AMD,A6-Series 9220,2.5,8,1TB HDD,AMD,Radeon R4,Windows 10,2.8,519
Dell,Inspiron 5570,Notebook,15.6,Full HD 1920x1080,Intel,Core i5 8250U,1.6,4,256GB SSD,AMD,Radeon 530,Windows 10,2.2,749
Lenovo,ThinkPad X270,Ultrabook,12.5,IPS Panel Full HD 1920x1080,Intel,Core i5 7200U,2.5,8,256GB SSD,Intel,HD Graphics 620,Windows 10,1.36,1429
Lenovo,IdeaPad 320-15IAP,Notebook,15.6,Full HD 1920x1080,Intel,Pentium Quad Core N4200,1.1,4,128GB SSD,Intel,HD Graphics 505,Windows 10,2.2,349
HP,Omen 15-AX205na,Gaming,15.6,IPS Panel Full HD 1920x1080,Intel,Core i7 7700HQ,2.8,8,128GB SSD +  1TB HDD,Nvidia,GeForce GTX 1050,Windows 10,2.2,1099
Dell,Latitude 5480,Notebook,14,Full HD 1920x1080,Intel,Core i5 7440HQ,2.8,8,256GB SSD,Nvidia,GeForce 930MX,Windows 10,1.64,1179
Acer,Aspire ES1-572,Notebook,15.6,1366x768,Intel,Core i5 7200U,2.5,4,500GB HDD,Intel,HD Graphics 620,Linux,2.4,441.8
Dell,Precision 3520,Workstation,15.6,Full HD 1920x1080,Intel,Xeon E3-1505M V6,3,8,64GB Flash Storage +  1TB HDD,Nvidia,Quadro M620,Windows 10,2.23,1993
MSI,GV62 7RD-1686NL,Gaming,15.6,Full HD 1920x1080,Intel,Core i5 7300HQ,2.5,8,256GB SSD,Nvidia,GeForce GTX 1050,Windows 10,2.2,1027.74
Microsoft,Surface Laptop,Ultrabook,13.5,Touchscreen 2256x1504,Intel,Core i7 7660U,2.5,16,512GB SSD,Intel,Iris Plus Graphics 640,Windows 10 S,1.25,2589
HP,15-bs024nv (i5-7200U/8GB/128GB/W10),Notebook,15.6,1366x768,Intel,Core i5 7200U,2.5,8,128GB SSD,Intel,HD Graphics 620,Windows 10,1.91,589
Dell,Precision 3520,Workstation,15.6,IPS Panel Full HD 1920x1080,Intel,Core i7 6820HQ,2.7,16,256GB SSD,Nvidia,Quadro M620,Windows 10,2.17,1975
HP,ProBook 650,Workstation,15.6,IPS Panel Full HD 1920x1080,Intel,Core i7 7820HQ,2.9,8,512GB SSD,Intel,HD Graphics 620,Windows 10,2.31,1534
Lenovo,ThinkPad T470,Notebook,14,Full HD 1920x1080,Intel,Core i5 7200U,2.5,8,256GB SSD,Intel,HD Graphics 620,Windows 10,1.65,1345
Dell,Inspiron 5570,Notebook,15.6,Full HD 1920x1080,Intel,Core i7 8550U,1.8,8,128GB SSD +  1TB HDD,AMD,Radeon 530,Windows 10,2.36,979
Dell,Inspiron 3168,2 in 1 Convertible,11.6,Touchscreen 1366x768,Intel,Pentium Quad Core N3710,1.6,4,500GB HDD,Intel,HD Graphics 405,Windows 10,1.47,479
Dell,Alienware 17,Notebook,17.3,IPS Panel Full HD 1920x1080,Intel,Core i7 7700HQ,2.7,8,1TB HDD,Nvidia,GeForce GTX 1060,Windows 10,4.42,2046
Microsoft,Surface Laptop,Ultrabook,13.5,Touchscreen 2256x1504,Intel,Core M m3-7Y30,2.2,4,128GB SSD,Intel,HD Graphics 615,Windows 10 S,1.252,989
Microsoft,Surface Laptop,Ultrabook,13.5,Touchscreen 2256x1504,Intel,Core i7 7660U,2.5,8,256GB SSD,Intel,Iris Plus Graphics 640,Windows 10 S,1.25,1799
HP,17-BS092ND (i3-6006U/8GB/256GB/W10),Notebook,17.3,1600x900,Intel,Core i3 6006U,2,8,256GB SSD,Intel,HD Graphics 520,Windows 10,2.5,639.9
Acer,Aspire E5-576G,Notebook,15.6,Full HD 1920x1080,Intel,Core i3 6006U,2,4,1TB HDD,Nvidia,GeForce 940MX,Windows 10,2.23,544
Acer,TravelMate B,Netbook,11.6,1366x768,Intel,Celeron Dual Core N3060,1.6,4,128GB SSD,Intel,HD Graphics 400,Windows 10,1.4,435
Asus,Pro P2540UA-AB51,Notebook,15.6,Full HD 1920x1080,Intel,Core i5 7200U,2.5,8,1TB HDD,Intel,HD Graphics 620,Windows 10,2.37,749
Lenovo,IdeaPad 510s-14IKB,Notebook,14,IPS Panel Full HD 1920x1080,Intel,Core i7 7500U,2.7,8,512GB SSD,AMD,Radeon R7 M460,No OS,1.5,799
Lenovo,Thinkpad P51,Notebook,15.6,Full HD 1920x1080,Intel,Core i7 7820HQ,2.9,8,256GB SSD,Nvidia,Quadro M2200M,Windows 10,2.67,2090
Asus,X541NA-PD1003Y (N4200/4GB/500GB/W10),Notebook,15.6,1366x768,Intel,Pentium Quad Core N4200,1.1,4,500GB HDD,Intel,HD Graphics 500,Windows 10,2,304
Acer,Aspire 5,Notebook,15.6,1366x768,Intel,Core i3 6006U,2,4,500GB HDD,Nvidia,GeForce GTX 940MX,Windows 10,2.2,469
Dell,Inspiron 5570,Notebook,15.6,Full HD 1920x1080,Intel,Core i5 8250U,1.6,8,2TB HDD,AMD,Radeon 530,Windows 10,2.02,759
HP,Omen 17-an006nv,Gaming,17.3,IPS Panel Full HD 1920x1080,Intel,Core i7 7700HQ,2.8,12,1TB HDD,Nvidia,GeForce GTX 1060,Windows 10,3.78,1699
Lenovo,Thinkpad T460s,Ultrabook,14,IPS Panel Quad HD+ 2560x1440,Intel,Core i7 6600U,2.6,12,256GB SSD,Intel,HD Graphics 520,Windows 10,1.4,1858
HP,Spectre x360,2 in 1 Convertible,13.3,IPS Panel 4K Ultra HD / Touchscreen 3840x2160,Intel,Core i7 8550U,1.8,8,512GB SSD,Intel,UHD Graphics 620,Windows 10,1.29,1999
HP,ZBook 15u,Notebook,15.6,Full HD 1920x1080,Intel,Core i5 7200U,2.5,8,500GB HDD,AMD,FirePro W4190M,Windows 10,1.9,1154
Google,Pixelbook (Core,Ultrabook,12.3,Touchscreen 2400x1600,Intel,Core i5 7Y57,1.2,8,128GB SSD,Intel,HD Graphics 615,Chrome OS,1.1,1275
Dell,Latitude 7390,Ultrabook,13.3,Full HD / Touchscreen 1920x1080,Intel,Core i5 8250U,1.6,8,256GB SSD,Intel,UHD Graphics 620,Windows 10,1.42,1841.85
Asus,ZenBook Pro,Notebook,15.6,IPS Panel 4K Ultra HD 3840x2160,Intel,Core i7 6700HQ,2.6,12,128GB SSD +  1TB HDD,Intel,HD Graphics 530,Windows 10,2.06,1299
Dell,Latitude E5470,Notebook,14,1366x768,Intel,Core i3 6100U,2.3,8,128GB SSD,Intel,HD Graphics 520,Windows 10,1.79,740
Dell,Precision M5520,Workstation,15.6,Full HD 1920x1080,Intel,Core i7 7700HQ,2.8,8,256GB SSD,Nvidia,Quadro M1200,Windows 10,1.78,2408
Lenovo,Thinkpad T470,Notebook,14,Full HD 1920x1080,Intel,Core i5 7200U,2.5,8,180GB SSD,Intel,HD Graphics 620,Windows 10,1.7,1364
Dell,Inspiron 3576,Notebook,15.6,Full HD 1920x1080,Intel,Core i5 8250U,1.6,8,1TB HDD,AMD,Radeon 520,Windows 10,2.2,675
Toshiba,Portege X30-D-10J,Notebook,13.3,IPS Panel Full HD 1920x1080,Intel,Core i5 7200U,2.5,8,256GB SSD,Intel,HD Graphics 620,Windows 10,1.05,1672
Dell,Inspiron 7570,Notebook,15.6,IPS Panel Full HD 1920x1080,Intel,Core i7 8550U,1.8,8,512GB SSD,Nvidia,GeForce 940MX,Windows 10,2.16,1262
Dell,Vostro 3568,Notebook,15.6,1366x768,Intel,Core i3 7100U,2.4,4,1TB HDD,Intel,HD Graphics 620,Windows 10,2.18,586.6
HP,ProBook 430,Notebook,13.3,IPS Panel Full HD 1920x1080,Intel,Core i5 8250U,1.6,4,128GB SSD,Intel,UHD Graphics 620,Windows 10,1.49,726
Chuwi,"Lapbook 15,6",Notebook,15.6,Full HD 1920x1080,Intel,Atom x5-Z8350,1.44,4,64GB Flash Storage,Intel,HD Graphics,Windows 10,1.89,248.9
Lenovo,ThinkPad E570,Notebook,15.6,1366x768,Intel,Core i3 6006U,2,4,128GB SSD,Intel,HD Graphics 520,Windows 10,2.3,565
Lenovo,ThinkPad E480,Notebook,14,IPS Panel Full HD 1920x1080,Intel,Core i5 8250U,1.6,8,256GB SSD,Intel,UHD Graphics 620,Windows 10,1.75,1049
Dell,Precision 3520,Workstation,15.6,IPS Panel Full HD 1920x1080,Intel,Core i7 6820HQ,2.7,16,512GB SSD,Nvidia,Quadro M620,Windows 10,2.17,2338
Dell,XPS 15,Notebook,15.6,Full HD 1920x1080,Intel,Core i7 7700HQ,2.8,16,512GB SSD,Nvidia,GeForce GTX 1050,Windows 10,2.06,1899
Lenovo,Thinkpad X270,Ultrabook,12.5,IPS Panel Full HD 1920x1080,Intel,Core i7 7500U,2.7,16,512GB SSD,Intel,HD Graphics 620,Windows 10,1.36,1798
Asus,Zenbook UX390UA,Ultrabook,12.5,Full HD 1920x1080,Intel,Core i7 7500U,2.7,16,512GB SSD,Intel,HD Graphics 620,Windows 10,0.91,1950
Lenovo,Thinkpad E570,Notebook,15.6,IPS Panel Full HD 1920x1080,Intel,Core i5 7200U,2.5,8,256GB SSD,Nvidia,GeForce 940MX,Windows 10,2.3,1011.99
Toshiba,Portege X30-D-10L,Ultrabook,13.3,Full HD / Touchscreen 1920x1080,Intel,Core i7 7500U,2.7,32,512GB SSD,Intel,HD Graphics 620,Windows 10,1.05,2799
Asus,VivoBook Pro,Gaming,15.6,Full HD 1920x1080,Intel,Core i7 7700HQ,2.8,8,128GB SSD +  1TB HDD,Nvidia,GeForce GTX 1050,Windows 10,1.99,1350
Acer,Aspire 5,Notebook,15.6,1366x768,AMD,A10-Series 9620P,2.5,8,1TB HDD,AMD,Radeon RX 540,Windows 10,2.2,579
Asus,Rog G752VL-UH71T,Gaming,17.3,IPS Panel Full HD / Touchscreen 1920x1080,Intel,Core i7 6700HQ,2.6,24,256GB SSD +  1TB HDD,Nvidia,GeForce GTX 965M,Windows 10,4.33,1269
Lenovo,Thinkpad X260,Ultrabook,12.5,IPS Panel 1366x768,Intel,Core i5 6200U,2.3,8,180GB SSD,Intel,HD Graphics 520,Windows 10,1.3,1099
Lenovo,Ideapad 520-15IKBR,Notebook,15.6,Full HD 1920x1080,Intel,Core i7 8550U,1.8,8,256GB SSD,Intel,UHD Graphics 620,Windows 10,2.17,898.9
HP,EliteBook 840,Notebook,14,Full HD 1920x1080,Intel,Core i7 7600U,2.8,8,1TB SSD,Intel,HD Graphics 620,Windows 10,1.48,1749
Lenovo,ThinkPad 13,Notebook,13.3,IPS Panel Full HD 1920x1080,Intel,Core i3 7100U,2.4,8,256GB SSD,Intel,HD Graphics 620,Windows 10,1.4,949
Lenovo,ThinkPad L570,Notebook,15.6,IPS Panel Full HD 1920x1080,Intel,Core i5 7200U,2.5,8,256GB SSD,Intel,HD Graphics 620,Windows 10,2.3,911
Asus,VivoBook E201NA,Netbook,11.6,1366x768,Intel,Celeron Dual Core N3350,1.1,4,64GB Flash Storage,Intel,HD Graphics 500,Windows 10 S,1.2,340
HP,15-BS026nv (i5-7200U/8GB/256GB/Radeon,Notebook,15.6,1366x768,Intel,Core i5 7200U,2.5,8,256GB SSD,AMD,Radeon 520,Windows 10,1.91,618.99
Lenovo,Yoga 920-13IKB,2 in 1 Convertible,13.9,IPS Panel Full HD / Touchscreen 1920x1080,Intel,Core i5 8250U,1.6,8,256GB SSD,Intel,UHD Graphics 620,Windows 10,1.4,1599
Lenovo,IdeaPad 320-14IAP,Notebook,14,1366x768,Intel,Celeron Dual Core N3350,1.1,4,500GB HDD,Intel,HD Graphics 500,Windows 10,2.1,299
Lenovo,Chromebook N23,Netbook,11.6,1366x768,Intel,Celeron Dual Core N3060,1.6,4,16GB SSD,Intel,HD Graphics 400,Chrome OS,1.25,265
Lenovo,ThinkPad 13,Notebook,13.3,Full HD 1920x1080,Intel,Core i5 7200U,2.5,8,256GB SSD,Intel,HD Graphics 620,Windows 10,1.44,949
Asus,ZenBook UX510UX-CN211T,Notebook,15.6,Full HD 1920x1080,Intel,Core i7 7500U,2.7,8,256GB SSD +  1TB HDD,Intel,HD Graphics 620,Windows 10,2,1224
Acer,Aspire A515-51G-59QF,Notebook,15.6,IPS Panel Full HD 1920x1080,Intel,Core i5 8250U,1.6,4,1TB HDD,Nvidia,GeForce MX150,Windows 10,2.2,613
HP,Envy 13-AB002nv,Ultrabook,13.3,IPS Panel Full HD 1920x1080,Intel,Core i7 7500U,2.7,8,512GB SSD,Intel,HD Graphics 620,Windows 10,1.34,1323
Lenovo,Legion Y520-15IKBN,Gaming,15.6,IPS Panel Full HD 1920x1080,Intel,Core i7 7700HQ,2.8,8,256GB SSD +  1TB HDD,Nvidia,GeForce GTX 1060,No OS,2.4,1149
Dell,XPS 13,Ultrabook,13.3,IPS Panel Full HD / Touchscreen 1920x1080,Intel,Core i5 7200U,2.5,8,128GB SSD,Intel,HD Graphics 620,Windows 10,1.29,899
Acer,Aspire A515-51G,Notebook,15.6,Full HD 1920x1080,Intel,Core i7 7500U,2.7,4,500GB HDD,Nvidia,GeForce 940MX,Windows 10,2.2,639
Dell,Vostro 5568,Notebook,15.6,Full HD 1920x1080,Intel,Core i5 7200U,2.5,8,1TB HDD,Intel,HD Graphics 620,Windows 10,2.18,836
Dell,Inspiron 5570,Notebook,15.6,Full HD 1920x1080,Intel,Core i7 8550U,1.8,16,256GB SSD +  2TB HDD,AMD,Radeon 530,Windows 10,2.2,1219.24
Xiaomi,Mi Notebook,Notebook,15.6,IPS Panel Full HD 1920x1080,Intel,Core i7 8550U,1.8,16,256GB SSD,Nvidia,GeForce MX150,No OS,1.95,1399.95
Asus,VivoBook E12,Netbook,11.6,1366x768,Intel,Celeron Dual Core N3350,1.1,2,32GB Flash Storage,Intel,HD Graphics 500,Windows 10,1.1,245
HP,15-bs190od (i5-8250U/4GB/1TB/W10),Notebook,15.6,Touchscreen 1366x768,Intel,Core i5 8250U,1.6,4,1TB HDD,Intel,UHD Graphics 620,Windows 10,2.04,521.47
Asus,ROG Zephyrus,Gaming,15.6,Full HD 1920x1080,Intel,Core i7 7700HQ,2.8,24,512GB SSD,Nvidia,GeForce GTX1080,Windows 10,2.24,2968
HP,Probook 450,Notebook,15.6,Full HD 1920x1080,Intel,Core i5 7200U,2.5,8,256GB SSD,Nvidia,GeForce 930MX,Windows 10,2.04,889
Asus,FX753VE-GC155T (i7-7700HQ/16GB/1TB,Gaming,17.3,Full HD 1920x1080,Intel,Core i7 7700HQ,2.8,16,256GB SSD +  1TB HDD,Nvidia,GeForce GTX1050 Ti,Windows 10,3,1504
Lenovo,Legion Y720-15IKB,Gaming,15.6,IPS Panel Full HD 1920x1080,Intel,Core i7 7700HQ,2.8,8,256GB SSD +  1TB HDD,Nvidia,GeForce GTX 1060,Windows 10,3.2,1399
HP,Spectre X360,Ultrabook,13.3,IPS Panel Full HD 1920x1080,Intel,Core i7 7500U,2.7,8,256GB SSD,Intel,HD Graphics 620,Windows 10,1.32,1399
Dell,Latitude 5480,Notebook,14,Full HD 1920x1080,Intel,Core i5 7300U,2.6,8,256GB SSD,Intel,HD Graphics 620,Windows 10,1.64,1279.73
HP,ProBook 440,Notebook,15.6,1366x768,Intel,Core i3 6006U,2,4,128GB SSD,Intel,HD Graphics 520,Windows 10,1.63,689
Dell,Inspiron 5770,Notebook,17.3,IPS Panel Full HD 1920x1080,Intel,Core i5 8250U,1.6,8,128GB SSD +  1TB HDD,AMD,Radeon 530,Linux,2.8,889
Lenovo,ThinkPad L470,Notebook,14,Full HD 1920x1080,Intel,Core i5 6200U,2.3,8,256GB SSD,Intel,HD Graphics 520,Windows 7,2.02,1340
Lenovo,IdeaPad 320-15IKB,Notebook,15.6,Full HD 1920x1080,Intel,Core i7 7500U,2.7,4,1TB HDD,Nvidia,GeForce 920MX,Windows 10,2.2,799
Lenovo,IdeaPad 320-15ISK,Notebook,15.6,1366x768,Intel,Core i3 6006U,2,8,2TB HDD,Nvidia,GeForce 920MX,No OS,2.2,459
Dell,Inspiron 3567,Notebook,15.6,Full HD 1920x1080,Intel,Core i5 7200U,2.5,4,500GB HDD,AMD,Radeon R5 M430,Windows 10,2.3,585
Dell,Latitude 5580,Notebook,15.6,Full HD 1920x1080,Intel,Core i5 7440HQ,2.8,8,256GB SSD,Intel,HD Graphics 620,Windows 10,1.9,1377
Dell,Alienware 17,Gaming,17.3,IPS Panel Full HD 1920x1080,Intel,Core i7 7700HQ,2.8,16,128GB SSD +  1TB HDD,Nvidia,GeForce GTX 1070,Windows 10,4.42,3012.77
Toshiba,Satellite Pro,Notebook,15.6,IPS Panel Full HD 1920x1080,Intel,Core i5 7200U,2.5,8,500GB HDD,Intel,HD Graphics 620,Windows 10,2,860
Asus,Zenbook UX510UW-FI095T,Notebook,15.6,IPS Panel 4K Ultra HD 3840x2160,Intel,Core i7 7500U,2.7,8,256GB SSD +  1TB HDD,Nvidia,GeForce GTX 960M,Windows 10,2,1299
Mediacom,SmartBook Edge,Notebook,13.3,IPS Panel Full HD 1920x1080,Intel,Celeron Quad Core N3450,1.1,4,32GB SSD,Intel,HD Graphics 500,Windows 10,1.2,369
Asus,ROG Strix,Gaming,15.6,IPS Panel Full HD 1920x1080,Intel,Core i5 7300HQ,2.5,8,128GB SSD +  1TB HDD,Nvidia,GeForce GTX 1060,Windows 10,2.3,1649
Dell,Latitude 5580,Notebook,15.6,Full HD 1920x1080,Intel,Core i7 7600U,2.8,8,256GB SSD,Nvidia,GeForce 930MX,Windows 10,1.93,1369
Dell,Inspiron 5570,Notebook,15.6,Full HD 1920x1080,Intel,Core i5 8250U,1.6,8,256GB SSD,AMD,Radeon 530,Windows 10,2.2,797.41
HP,250 G6,Notebook,15.6,Full HD 1920x1080,Intel,Pentium Quad Core N3710,1.6,4,256GB SSD,Intel,HD Graphics 405,Windows 10,1.86,398.99
